<?xml version="1.0" encoding="utf-8"?>
<Messages>
	<Message severity="INFO" prefix="[COSIM 212-47]" key="COSIM_TCL_47_1115" tag="" content="Using XSIM for RTL simulation."/>
	<Message severity="INFO" prefix="[COSIM 212-14]" key="COSIM_TCL_14_1084" tag="" content="Instrumenting C test bench ..."/>
	<Message severity="INFO" prefix="[COSIM 212-302]" key="COSIM_TCL_302_1177" tag="" content="Starting C TB testing ..."/>
	<Message severity="INFO" prefix="[COSIM 212-333]" key="COSIM_TCL_333_1204" tag="" content="Generating C post check test bench ..."/>
	<Message severity="INFO" prefix="[COSIM 212-12]" key="COSIM_TCL_12_1082" tag="" content="Generating RTL test bench ..."/>
	<Message severity="INFO" prefix="[COSIM 212-1]" key="COSIM_TCL_1_1071" tag="" content="*** C/RTL co-simulation file generation completed. ***"/>
	<Message severity="INFO" prefix="[COSIM 212-323]" key="COSIM_TCL_323_1195" tag="" content="Starting verilog simulation."/>
	<Message severity="INFO" prefix="[COSIM 212-15]" key="COSIM_TCL_15_1085" tag="" content="Starting XSIM ..."/>
	<Message severity="INFO" prefix="[COSIM 212-316]" key="COSIM_TCL_316_1188" tag="" content="Starting C post checking ..."/>
	<Message severity="INFO" prefix="[COSIM 212-1000]" key="COSIM_TCL_1000_1070" tag="" content="*** C/RTL co-simulation finished: PASS ***"/>
	<Message severity="INFO" prefix="[COSIM 212-211]" key="COSIM_TCL_211_1174" tag="" content="II is measurable only when transaction number is greater than 1 in RTL simulation. Otherwise, they will be marked as all NA. If user wants to calculate them, please make sure there are at least 2 transactions in RTL simulation."/>
</Messages>
