<stg><name>knnHLS</name>


<trans_list>

<trans id="226" from="1" to="2">
<condition id="-1">
<or_exp><and_exp></and_exp></or_exp>
</condition>
</trans>

<trans id="227" from="2" to="2">
<condition id="-1">
<or_exp><and_exp><literal name="icmp_ln800" val="0"/>
</and_exp></or_exp>
</condition>
</trans>

<trans id="228" from="2" to="3">
<condition id="-1">
<or_exp><and_exp><literal name="icmp_ln800" val="1"/>
</and_exp></or_exp>
</condition>
</trans>

<trans id="229" from="3" to="3">
<condition id="-1">
<or_exp><and_exp><literal name="icmp_ln804" val="0"/>
</and_exp></or_exp>
</condition>
</trans>

<trans id="230" from="3" to="4">
<condition id="-1">
<or_exp><and_exp><literal name="icmp_ln804" val="1"/>
</and_exp></or_exp>
</condition>
</trans>

<trans id="231" from="4" to="5">
<condition id="-1">
<or_exp><and_exp><literal name="icmp_ln810" val="0"/>
</and_exp></or_exp>
</condition>
</trans>

<trans id="252" from="4" to="13">
<condition id="-1">
<or_exp><and_exp><literal name="icmp_ln810" val="1"/>
</and_exp></or_exp>
</condition>
</trans>

<trans id="232" from="5" to="5">
<condition id="-1">
<or_exp><and_exp><literal name="icmp_ln811" val="0"/>
</and_exp></or_exp>
</condition>
</trans>

<trans id="233" from="5" to="6">
<condition id="-1">
<or_exp><and_exp><literal name="icmp_ln811" val="1"/>
</and_exp></or_exp>
</condition>
</trans>

<trans id="234" from="6" to="6">
<condition id="-1">
<or_exp><and_exp><literal name="icmp_ln812" val="0"/>
</and_exp></or_exp>
</condition>
</trans>

<trans id="235" from="6" to="7">
<condition id="-1">
<or_exp><and_exp><literal name="icmp_ln812" val="1"/>
</and_exp></or_exp>
</condition>
</trans>

<trans id="236" from="7" to="7">
<condition id="-1">
<or_exp><and_exp><literal name="icmp_ln813" val="0"/>
</and_exp></or_exp>
</condition>
</trans>

<trans id="237" from="7" to="8">
<condition id="-1">
<or_exp><and_exp><literal name="icmp_ln813" val="1"/>
</and_exp></or_exp>
</condition>
</trans>

<trans id="239" from="8" to="9">
<condition id="-1">
<or_exp><and_exp></and_exp></or_exp>
</condition>
</trans>

<trans id="240" from="9" to="10">
<condition id="-1">
<or_exp><and_exp><literal name="icmp_ln814" val="0"/>
</and_exp></or_exp>
</condition>
</trans>

<trans id="251" from="9" to="4">
<condition id="-1">
<or_exp><and_exp><literal name="icmp_ln814" val="1"/>
</and_exp></or_exp>
</condition>
</trans>

<trans id="242" from="10" to="11">
<condition id="-1">
<or_exp><and_exp></and_exp></or_exp>
</condition>
</trans>

<trans id="246" from="11" to="12">
<condition id="-1">
<or_exp><and_exp></and_exp></or_exp>
</condition>
</trans>

<trans id="250" from="12" to="9">
<condition id="-1">
<or_exp><and_exp></and_exp></or_exp>
</condition>
</trans>

<trans id="253" from="13" to="14">
<condition id="-1">
<or_exp><and_exp><literal name="icmp_ln828" val="0"/>
</and_exp></or_exp>
</condition>
</trans>

<trans id="255" from="14" to="13">
<condition id="-1">
<or_exp><and_exp></and_exp></or_exp>
</condition>
</trans>
</trans_list>



<state_list>

<state id="1" st_id="1">

<operation id="15" st_id="1" stage="1" lat="1">
<core>NULL</core>
<MemPortIdVec></MemPortIdVec>
<condition id="-1">
<or_exp><and_exp></and_exp></or_exp>
</condition>

<Node id="11" bw="32" op_0_bw="32">
<![CDATA[
:0  %output_0_0 = alloca i32

]]></Node>
<StgValue><ssdm name="output_0_0"/></StgValue>
</operation>

<operation id="16" st_id="1" stage="1" lat="1">
<core>NULL</core>
<MemPortIdVec></MemPortIdVec>
<condition id="-1">
<or_exp><and_exp></and_exp></or_exp>
</condition>

<Node id="12" bw="32" op_0_bw="32">
<![CDATA[
:1  %output_1_0 = alloca i32

]]></Node>
<StgValue><ssdm name="output_1_0"/></StgValue>
</operation>

<operation id="17" st_id="1" stage="1" lat="1">
<core>NULL</core>
<MemPortIdVec></MemPortIdVec>
<condition id="-1">
<or_exp><and_exp></and_exp></or_exp>
</condition>

<Node id="13" bw="32" op_0_bw="32">
<![CDATA[
:2  %output_2_0 = alloca i32

]]></Node>
<StgValue><ssdm name="output_2_0"/></StgValue>
</operation>

<operation id="18" st_id="1" stage="1" lat="1">
<core>NULL</core>
<MemPortIdVec></MemPortIdVec>
<condition id="-1">
<or_exp><and_exp></and_exp></or_exp>
</condition>

<Node id="14" bw="0" op_0_bw="0" op_1_bw="32">
<![CDATA[
:3  call void (...)* @_ssdm_op_SpecBitsMap(i32* %S_AXIS_V_data), !map !19

]]></Node>
<StgValue><ssdm name="specbitsmap_ln0"/></StgValue>
</operation>

<operation id="19" st_id="1" stage="1" lat="1">
<core>NULL</core>
<MemPortIdVec></MemPortIdVec>
<condition id="-1">
<or_exp><and_exp></and_exp></or_exp>
</condition>

<Node id="15" bw="0" op_0_bw="0" op_1_bw="1">
<![CDATA[
:4  call void (...)* @_ssdm_op_SpecBitsMap(i1* %S_AXIS_V_last), !map !25

]]></Node>
<StgValue><ssdm name="specbitsmap_ln0"/></StgValue>
</operation>

<operation id="20" st_id="1" stage="1" lat="1">
<core>NULL</core>
<MemPortIdVec></MemPortIdVec>
<condition id="-1">
<or_exp><and_exp></and_exp></or_exp>
</condition>

<Node id="16" bw="0" op_0_bw="0" op_1_bw="32">
<![CDATA[
:5  call void (...)* @_ssdm_op_SpecBitsMap(i32* %M_AXIS_V_data), !map !29

]]></Node>
<StgValue><ssdm name="specbitsmap_ln0"/></StgValue>
</operation>

<operation id="21" st_id="1" stage="1" lat="1">
<core>NULL</core>
<MemPortIdVec></MemPortIdVec>
<condition id="-1">
<or_exp><and_exp></and_exp></or_exp>
</condition>

<Node id="17" bw="0" op_0_bw="0" op_1_bw="1">
<![CDATA[
:6  call void (...)* @_ssdm_op_SpecBitsMap(i1* %M_AXIS_V_last), !map !33

]]></Node>
<StgValue><ssdm name="specbitsmap_ln0"/></StgValue>
</operation>

<operation id="22" st_id="1" stage="1" lat="1">
<core>NULL</core>
<MemPortIdVec></MemPortIdVec>
<condition id="-1">
<or_exp><and_exp></and_exp></or_exp>
</condition>

<Node id="18" bw="0" op_0_bw="0" op_1_bw="0">
<![CDATA[
:7  call void (...)* @_ssdm_op_SpecTopModule([7 x i8]* @knnHLS_str) nounwind

]]></Node>
<StgValue><ssdm name="spectopmodule_ln0"/></StgValue>
</operation>

<operation id="23" st_id="1" stage="1" lat="1">
<core>RAM</core>
<MemPortIdVec></MemPortIdVec>
<condition id="-1">
<or_exp><and_exp></and_exp></or_exp>
</condition>

<Node id="19" bw="32" op_0_bw="64">
<![CDATA[
:8  %input = alloca [768 x i32], align 16

]]></Node>
<StgValue><ssdm name="input"/></StgValue>
</operation>

<operation id="24" st_id="1" stage="1" lat="1">
<core>NULL</core>
<MemPortIdVec></MemPortIdVec>
<condition id="-1">
<or_exp><and_exp></and_exp></or_exp>
</condition>

<Node id="20" bw="0" op_0_bw="0" op_1_bw="32" op_2_bw="0" op_3_bw="32" op_4_bw="32" op_5_bw="0" op_6_bw="32" op_7_bw="32" op_8_bw="0" op_9_bw="0" op_10_bw="0" op_11_bw="32" op_12_bw="32" op_13_bw="32" op_14_bw="32" op_15_bw="0" op_16_bw="0">
<![CDATA[
:9  call void (...)* @_ssdm_op_SpecInterface(i32 0, [13 x i8]* @p_str, i32 0, i32 0, [1 x i8]* @p_str1, i32 0, i32 0, [1 x i8]* @p_str1, [1 x i8]* @p_str1, [1 x i8]* @p_str1, i32 0, i32 0, i32 0, i32 0, [1 x i8]* @p_str1, [1 x i8]* @p_str1) nounwind

]]></Node>
<StgValue><ssdm name="specinterface_ln794"/></StgValue>
</operation>

<operation id="25" st_id="1" stage="1" lat="1">
<core>NULL</core>
<MemPortIdVec></MemPortIdVec>
<condition id="-1">
<or_exp><and_exp></and_exp></or_exp>
</condition>

<Node id="21" bw="0" op_0_bw="0" op_1_bw="32" op_2_bw="1" op_3_bw="0" op_4_bw="32" op_5_bw="32" op_6_bw="0" op_7_bw="32" op_8_bw="32" op_9_bw="0" op_10_bw="0" op_11_bw="0" op_12_bw="32" op_13_bw="32" op_14_bw="32" op_15_bw="32" op_16_bw="0" op_17_bw="0">
<![CDATA[
:10  call void (...)* @_ssdm_op_SpecInterface(i32* %S_AXIS_V_data, i1* %S_AXIS_V_last, [5 x i8]* @p_str2, i32 1, i32 1, [5 x i8]* @p_str3, i32 0, i32 0, [1 x i8]* @p_str1, [1 x i8]* @p_str1, [1 x i8]* @p_str1, i32 0, i32 0, i32 0, i32 0, [1 x i8]* @p_str1, [1 x i8]* @p_str1) nounwind

]]></Node>
<StgValue><ssdm name="specinterface_ln795"/></StgValue>
</operation>

<operation id="26" st_id="1" stage="1" lat="1">
<core>NULL</core>
<MemPortIdVec></MemPortIdVec>
<condition id="-1">
<or_exp><and_exp></and_exp></or_exp>
</condition>

<Node id="22" bw="0" op_0_bw="0" op_1_bw="32" op_2_bw="1" op_3_bw="0" op_4_bw="32" op_5_bw="32" op_6_bw="0" op_7_bw="32" op_8_bw="32" op_9_bw="0" op_10_bw="0" op_11_bw="0" op_12_bw="32" op_13_bw="32" op_14_bw="32" op_15_bw="32" op_16_bw="0" op_17_bw="0">
<![CDATA[
:11  call void (...)* @_ssdm_op_SpecInterface(i32* %M_AXIS_V_data, i1* %M_AXIS_V_last, [5 x i8]* @p_str2, i32 1, i32 1, [5 x i8]* @p_str3, i32 0, i32 0, [1 x i8]* @p_str1, [1 x i8]* @p_str1, [1 x i8]* @p_str1, i32 0, i32 0, i32 0, i32 0, [1 x i8]* @p_str1, [1 x i8]* @p_str1) nounwind

]]></Node>
<StgValue><ssdm name="specinterface_ln796"/></StgValue>
</operation>

<operation id="27" st_id="1" stage="1" lat="1">
<core>NULL</core>
<MemPortIdVec></MemPortIdVec>
<condition id="-1">
<or_exp><and_exp></and_exp></or_exp>
</condition>

<Node id="23" bw="0" op_0_bw="0">
<![CDATA[
:12  br label %meminst_ifconv

]]></Node>
<StgValue><ssdm name="br_ln0"/></StgValue>
</operation>
</state>

<state id="2" st_id="2">

<operation id="28" st_id="2" stage="1" lat="1">
<core>NULL</core>
<MemPortIdVec></MemPortIdVec>
<condition id="-1">
<or_exp><and_exp></and_exp></or_exp>
</condition>

<Node id="25" bw="2" op_0_bw="2" op_1_bw="0" op_2_bw="2" op_3_bw="0">
<![CDATA[
meminst_ifconv:0  %phi_ln800 = phi i2 [ 0, %0 ], [ %add_ln800, %meminst_ifconv ]

]]></Node>
<StgValue><ssdm name="phi_ln800"/></StgValue>
</operation>

<operation id="29" st_id="2" stage="1" lat="1">
<core>NULL</core>
<MemPortIdVec></MemPortIdVec>
<condition id="-1">
<or_exp><and_exp></and_exp></or_exp>
</condition>

<Node id="26" bw="32" op_0_bw="32">
<![CDATA[
meminst_ifconv:1  %output_0_0_load = load i32* %output_0_0

]]></Node>
<StgValue><ssdm name="output_0_0_load"/></StgValue>
</operation>

<operation id="30" st_id="2" stage="1" lat="1">
<core>NULL</core>
<MemPortIdVec></MemPortIdVec>
<condition id="-1">
<or_exp><and_exp></and_exp></or_exp>
</condition>

<Node id="27" bw="32" op_0_bw="32">
<![CDATA[
meminst_ifconv:2  %output_1_0_load = load i32* %output_1_0

]]></Node>
<StgValue><ssdm name="output_1_0_load"/></StgValue>
</operation>

<operation id="31" st_id="2" stage="1" lat="1">
<core>NULL</core>
<MemPortIdVec></MemPortIdVec>
<condition id="-1">
<or_exp><and_exp></and_exp></or_exp>
</condition>

<Node id="28" bw="32" op_0_bw="32">
<![CDATA[
meminst_ifconv:3  %output_2_0_load = load i32* %output_2_0

]]></Node>
<StgValue><ssdm name="output_2_0_load"/></StgValue>
</operation>

<operation id="32" st_id="2" stage="1" lat="1">
<core>AddSub</core>
<MemPortIdVec></MemPortIdVec>
<condition id="-1">
<or_exp><and_exp></and_exp></or_exp>
</condition>

<Node id="29" bw="2" op_0_bw="2" op_1_bw="2">
<![CDATA[
meminst_ifconv:4  %add_ln800 = add i2 %phi_ln800, 1

]]></Node>
<StgValue><ssdm name="add_ln800"/></StgValue>
</operation>

<operation id="33" st_id="2" stage="1" lat="1">
<core>Cmp</core>
<MemPortIdVec></MemPortIdVec>
<condition id="-1">
<or_exp><and_exp></and_exp></or_exp>
</condition>

<Node id="30" bw="1" op_0_bw="2" op_1_bw="2">
<![CDATA[
meminst_ifconv:5  %icmp_ln800_1 = icmp eq i2 %phi_ln800, -2

]]></Node>
<StgValue><ssdm name="icmp_ln800_1"/></StgValue>
</operation>

<operation id="34" st_id="2" stage="1" lat="1">
<core>Sel</core>
<MemPortIdVec></MemPortIdVec>
<condition id="-1">
<or_exp><and_exp></and_exp></or_exp>
</condition>

<Node id="31" bw="32" op_0_bw="1" op_1_bw="32" op_2_bw="32">
<![CDATA[
meminst_ifconv:6  %select_ln800 = select i1 %icmp_ln800_1, i32 0, i32 %output_2_0_load

]]></Node>
<StgValue><ssdm name="select_ln800"/></StgValue>
</operation>

<operation id="35" st_id="2" stage="1" lat="1">
<core>Cmp</core>
<MemPortIdVec></MemPortIdVec>
<condition id="-1">
<or_exp><and_exp></and_exp></or_exp>
</condition>

<Node id="32" bw="1" op_0_bw="2" op_1_bw="2">
<![CDATA[
meminst_ifconv:7  %icmp_ln800_2 = icmp eq i2 %phi_ln800, 1

]]></Node>
<StgValue><ssdm name="icmp_ln800_2"/></StgValue>
</operation>

<operation id="36" st_id="2" stage="1" lat="1">
<core>Sel</core>
<MemPortIdVec></MemPortIdVec>
<condition id="-1">
<or_exp><and_exp></and_exp></or_exp>
</condition>

<Node id="33" bw="32" op_0_bw="1" op_1_bw="32" op_2_bw="32">
<![CDATA[
meminst_ifconv:8  %select_ln800_1 = select i1 %icmp_ln800_2, i32 %output_2_0_load, i32 %select_ln800

]]></Node>
<StgValue><ssdm name="select_ln800_1"/></StgValue>
</operation>

<operation id="37" st_id="2" stage="1" lat="1">
<core>Cmp</core>
<MemPortIdVec></MemPortIdVec>
<condition id="-1">
<or_exp><and_exp></and_exp></or_exp>
</condition>

<Node id="34" bw="1" op_0_bw="2" op_1_bw="2">
<![CDATA[
meminst_ifconv:9  %icmp_ln800_3 = icmp eq i2 %phi_ln800, 0

]]></Node>
<StgValue><ssdm name="icmp_ln800_3"/></StgValue>
</operation>

<operation id="38" st_id="2" stage="1" lat="1">
<core>Sel</core>
<MemPortIdVec></MemPortIdVec>
<condition id="-1">
<or_exp><and_exp></and_exp></or_exp>
</condition>

<Node id="35" bw="32" op_0_bw="1" op_1_bw="32" op_2_bw="32">
<![CDATA[
meminst_ifconv:10  %select_ln800_2 = select i1 %icmp_ln800_3, i32 %output_2_0_load, i32 %select_ln800_1

]]></Node>
<StgValue><ssdm name="select_ln800_2"/></StgValue>
</operation>

<operation id="39" st_id="2" stage="1" lat="1">
<core>Sel</core>
<MemPortIdVec></MemPortIdVec>
<condition id="-1">
<or_exp><and_exp></and_exp></or_exp>
</condition>

<Node id="36" bw="32" op_0_bw="1" op_1_bw="32" op_2_bw="32">
<![CDATA[
meminst_ifconv:11  %select_ln800_3 = select i1 %icmp_ln800_2, i32 0, i32 %output_1_0_load

]]></Node>
<StgValue><ssdm name="select_ln800_3"/></StgValue>
</operation>

<operation id="40" st_id="2" stage="1" lat="1">
<core>Sel</core>
<MemPortIdVec></MemPortIdVec>
<condition id="-1">
<or_exp><and_exp></and_exp></or_exp>
</condition>

<Node id="37" bw="32" op_0_bw="1" op_1_bw="32" op_2_bw="32">
<![CDATA[
meminst_ifconv:12  %select_ln800_4 = select i1 %icmp_ln800_3, i32 %output_1_0_load, i32 %select_ln800_3

]]></Node>
<StgValue><ssdm name="select_ln800_4"/></StgValue>
</operation>

<operation id="41" st_id="2" stage="1" lat="1">
<core>Sel</core>
<MemPortIdVec></MemPortIdVec>
<condition id="-1">
<or_exp><and_exp></and_exp></or_exp>
</condition>

<Node id="38" bw="32" op_0_bw="1" op_1_bw="32" op_2_bw="32">
<![CDATA[
meminst_ifconv:13  %select_ln800_5 = select i1 %icmp_ln800_3, i32 0, i32 %output_0_0_load

]]></Node>
<StgValue><ssdm name="select_ln800_5"/></StgValue>
</operation>

<operation id="42" st_id="2" stage="1" lat="1">
<core>Cmp</core>
<MemPortIdVec></MemPortIdVec>
<condition id="-1">
<or_exp><and_exp></and_exp></or_exp>
</condition>

<Node id="39" bw="1" op_0_bw="2" op_1_bw="2">
<![CDATA[
meminst_ifconv:14  %icmp_ln800 = icmp eq i2 %phi_ln800, -1

]]></Node>
<StgValue><ssdm name="icmp_ln800"/></StgValue>
</operation>

<operation id="43" st_id="2" stage="1" lat="1">
<core>NULL</core>
<MemPortIdVec></MemPortIdVec>
<condition id="-1">
<or_exp><and_exp></and_exp></or_exp>
</condition>

<Node id="40" bw="32" op_0_bw="32" op_1_bw="0">
<![CDATA[
meminst_ifconv:15  %empty = call i32 (...)* @_ssdm_op_SpecLoopName([14 x i8]* @memset_output_str) nounwind

]]></Node>
<StgValue><ssdm name="empty"/></StgValue>
</operation>

<operation id="44" st_id="2" stage="1" lat="1">
<core>NULL</core>
<MemPortIdVec></MemPortIdVec>
<condition id="-1">
<or_exp><and_exp></and_exp></or_exp>
</condition>

<Node id="41" bw="32" op_0_bw="32" op_1_bw="64" op_2_bw="64" op_3_bw="64">
<![CDATA[
meminst_ifconv:16  %empty_5 = call i32 (...)* @_ssdm_op_SpecLoopTripCount(i64 4, i64 4, i64 4)

]]></Node>
<StgValue><ssdm name="empty_5"/></StgValue>
</operation>

<operation id="45" st_id="2" stage="1" lat="1">
<core>NULL</core>
<MemPortIdVec></MemPortIdVec>
<condition id="-1">
<or_exp><and_exp></and_exp></or_exp>
</condition>

<Node id="42" bw="0" op_0_bw="32" op_1_bw="32" op_2_bw="32">
<![CDATA[
meminst_ifconv:17  store i32 %select_ln800_2, i32* %output_2_0

]]></Node>
<StgValue><ssdm name="store_ln800"/></StgValue>
</operation>

<operation id="46" st_id="2" stage="1" lat="1">
<core>NULL</core>
<MemPortIdVec></MemPortIdVec>
<condition id="-1">
<or_exp><and_exp></and_exp></or_exp>
</condition>

<Node id="43" bw="0" op_0_bw="32" op_1_bw="32" op_2_bw="32">
<![CDATA[
meminst_ifconv:18  store i32 %select_ln800_4, i32* %output_1_0

]]></Node>
<StgValue><ssdm name="store_ln800"/></StgValue>
</operation>

<operation id="47" st_id="2" stage="1" lat="1">
<core>NULL</core>
<MemPortIdVec></MemPortIdVec>
<condition id="-1">
<or_exp><and_exp></and_exp></or_exp>
</condition>

<Node id="44" bw="0" op_0_bw="32" op_1_bw="32" op_2_bw="32">
<![CDATA[
meminst_ifconv:19  store i32 %select_ln800_5, i32* %output_0_0

]]></Node>
<StgValue><ssdm name="store_ln800"/></StgValue>
</operation>

<operation id="48" st_id="2" stage="1" lat="1">
<core>NULL</core>
<MemPortIdVec></MemPortIdVec>
<condition id="-1">
<or_exp><and_exp></and_exp></or_exp>
</condition>

<Node id="45" bw="0" op_0_bw="1" op_1_bw="0" op_2_bw="0">
<![CDATA[
meminst_ifconv:20  br i1 %icmp_ln800, label %.preheader1.preheader, label %meminst_ifconv

]]></Node>
<StgValue><ssdm name="br_ln800"/></StgValue>
</operation>

<operation id="49" st_id="2" stage="1" lat="1">
<core>NULL</core>
<MemPortIdVec></MemPortIdVec>
<condition id="-1">
<or_exp><and_exp><literal name="icmp_ln800" val="1"/>
</and_exp></or_exp>
</condition>

<Node id="47" bw="0" op_0_bw="0">
<![CDATA[
.preheader1.preheader:0  br label %.preheader1

]]></Node>
<StgValue><ssdm name="br_ln804"/></StgValue>
</operation>
</state>

<state id="3" st_id="3">

<operation id="50" st_id="3" stage="1" lat="1">
<core>NULL</core>
<MemPortIdVec></MemPortIdVec>
<condition id="-1">
<or_exp><and_exp></and_exp></or_exp>
</condition>

<Node id="49" bw="10" op_0_bw="10" op_1_bw="0" op_2_bw="10" op_3_bw="0">
<![CDATA[
.preheader1:0  %word_cnt_0 = phi i10 [ %word_cnt, %1 ], [ 0, %.preheader1.preheader ]

]]></Node>
<StgValue><ssdm name="word_cnt_0"/></StgValue>
</operation>

<operation id="51" st_id="3" stage="1" lat="1">
<core>Cmp</core>
<MemPortIdVec></MemPortIdVec>
<condition id="-1">
<or_exp><and_exp></and_exp></or_exp>
</condition>

<Node id="50" bw="1" op_0_bw="10" op_1_bw="10">
<![CDATA[
.preheader1:1  %icmp_ln804 = icmp eq i10 %word_cnt_0, -256

]]></Node>
<StgValue><ssdm name="icmp_ln804"/></StgValue>
</operation>

<operation id="52" st_id="3" stage="1" lat="1">
<core>NULL</core>
<MemPortIdVec></MemPortIdVec>
<condition id="-1">
<or_exp><and_exp></and_exp></or_exp>
</condition>

<Node id="51" bw="32" op_0_bw="32" op_1_bw="64" op_2_bw="64" op_3_bw="64">
<![CDATA[
.preheader1:2  %empty_6 = call i32 (...)* @_ssdm_op_SpecLoopTripCount(i64 768, i64 768, i64 768)

]]></Node>
<StgValue><ssdm name="empty_6"/></StgValue>
</operation>

<operation id="53" st_id="3" stage="1" lat="1">
<core>AddSub</core>
<MemPortIdVec></MemPortIdVec>
<condition id="-1">
<or_exp><and_exp></and_exp></or_exp>
</condition>

<Node id="52" bw="10" op_0_bw="10" op_1_bw="10">
<![CDATA[
.preheader1:3  %word_cnt = add i10 %word_cnt_0, 1

]]></Node>
<StgValue><ssdm name="word_cnt"/></StgValue>
</operation>

<operation id="54" st_id="3" stage="1" lat="1">
<core>NULL</core>
<MemPortIdVec></MemPortIdVec>
<condition id="-1">
<or_exp><and_exp></and_exp></or_exp>
</condition>

<Node id="53" bw="0" op_0_bw="1" op_1_bw="0" op_2_bw="0">
<![CDATA[
.preheader1:4  br i1 %icmp_ln804, label %.preheader3.preheader, label %1

]]></Node>
<StgValue><ssdm name="br_ln804"/></StgValue>
</operation>

<operation id="55" st_id="3" stage="1" lat="1">
<core>AXI4Stream</core>
<MemPortIdVec></MemPortIdVec>
<condition id="-1">
<or_exp><and_exp><literal name="icmp_ln804" val="0"/>
</and_exp></or_exp>
</condition>

<Node id="55" bw="33" op_0_bw="33" op_1_bw="32" op_2_bw="1">
<![CDATA[
:0  %empty_7 = call { i32, i1 } @_ssdm_op_Read.axis.volatile.i32P.i1P(i32* %S_AXIS_V_data, i1* %S_AXIS_V_last)

]]></Node>
<StgValue><ssdm name="empty_7"/></StgValue>
</operation>

<operation id="56" st_id="3" stage="1" lat="1">
<core>NULL</core>
<MemPortIdVec></MemPortIdVec>
<condition id="-1">
<or_exp><and_exp><literal name="icmp_ln804" val="0"/>
</and_exp></or_exp>
</condition>

<Node id="56" bw="32" op_0_bw="33">
<![CDATA[
:1  %tmp_data_1 = extractvalue { i32, i1 } %empty_7, 0

]]></Node>
<StgValue><ssdm name="tmp_data_1"/></StgValue>
</operation>

<operation id="57" st_id="3" stage="1" lat="1">
<core>NULL</core>
<MemPortIdVec></MemPortIdVec>
<condition id="-1">
<or_exp><and_exp><literal name="icmp_ln804" val="0"/>
</and_exp></or_exp>
</condition>

<Node id="57" bw="64" op_0_bw="10">
<![CDATA[
:2  %zext_ln806 = zext i10 %word_cnt_0 to i64

]]></Node>
<StgValue><ssdm name="zext_ln806"/></StgValue>
</operation>

<operation id="58" st_id="3" stage="1" lat="1">
<core>NULL</core>
<MemPortIdVec></MemPortIdVec>
<condition id="-1">
<or_exp><and_exp><literal name="icmp_ln804" val="0"/>
</and_exp></or_exp>
</condition>

<Node id="58" bw="10" op_0_bw="32" op_1_bw="64" op_2_bw="64">
<![CDATA[
:3  %input_addr = getelementptr inbounds [768 x i32]* %input, i64 0, i64 %zext_ln806

]]></Node>
<StgValue><ssdm name="input_addr"/></StgValue>
</operation>

<operation id="59" st_id="3" stage="1" lat="1">
<core>RAM</core>
<MemPortIdVec></MemPortIdVec>
<condition id="-1">
<or_exp><and_exp><literal name="icmp_ln804" val="0"/>
</and_exp></or_exp>
</condition>

<Node id="59" bw="0" op_0_bw="32" op_1_bw="10">
<![CDATA[
:4  store i32 %tmp_data_1, i32* %input_addr, align 4

]]></Node>
<StgValue><ssdm name="store_ln806"/></StgValue>
</operation>

<operation id="60" st_id="3" stage="1" lat="1">
<core>NULL</core>
<MemPortIdVec></MemPortIdVec>
<condition id="-1">
<or_exp><and_exp><literal name="icmp_ln804" val="0"/>
</and_exp></or_exp>
</condition>

<Node id="60" bw="0" op_0_bw="0">
<![CDATA[
:5  br label %.preheader1

]]></Node>
<StgValue><ssdm name="br_ln804"/></StgValue>
</operation>

<operation id="61" st_id="3" stage="1" lat="1">
<core>NULL</core>
<MemPortIdVec></MemPortIdVec>
<condition id="-1">
<or_exp><and_exp><literal name="icmp_ln804" val="1"/>
</and_exp></or_exp>
</condition>

<Node id="62" bw="0" op_0_bw="0">
<![CDATA[
.preheader3.preheader:0  br label %.preheader3

]]></Node>
<StgValue><ssdm name="br_ln810"/></StgValue>
</operation>
</state>

<state id="4" st_id="4">

<operation id="62" st_id="4" stage="1" lat="1">
<core>NULL</core>
<MemPortIdVec></MemPortIdVec>
<condition id="-1">
<or_exp><and_exp></and_exp></or_exp>
</condition>

<Node id="64" bw="32" op_0_bw="32" op_1_bw="0" op_2_bw="32" op_3_bw="0">
<![CDATA[
.preheader3:0  %output_2_2 = phi i32 [ %output_2, %4 ], [ %select_ln800_2, %.preheader3.preheader ]

]]></Node>
<StgValue><ssdm name="output_2_2"/></StgValue>
</operation>

<operation id="63" st_id="4" stage="1" lat="1">
<core>NULL</core>
<MemPortIdVec></MemPortIdVec>
<condition id="-1">
<or_exp><and_exp></and_exp></or_exp>
</condition>

<Node id="65" bw="32" op_0_bw="32" op_1_bw="0" op_2_bw="32" op_3_bw="0">
<![CDATA[
.preheader3:1  %output_1_2 = phi i32 [ %output_1, %4 ], [ %select_ln800_4, %.preheader3.preheader ]

]]></Node>
<StgValue><ssdm name="output_1_2"/></StgValue>
</operation>

<operation id="64" st_id="4" stage="1" lat="1">
<core>NULL</core>
<MemPortIdVec></MemPortIdVec>
<condition id="-1">
<or_exp><and_exp></and_exp></or_exp>
</condition>

<Node id="66" bw="32" op_0_bw="32" op_1_bw="0" op_2_bw="32" op_3_bw="0">
<![CDATA[
.preheader3:2  %output_0_2 = phi i32 [ %output_0, %4 ], [ %select_ln800_5, %.preheader3.preheader ]

]]></Node>
<StgValue><ssdm name="output_0_2"/></StgValue>
</operation>

<operation id="65" st_id="4" stage="1" lat="1">
<core>NULL</core>
<MemPortIdVec></MemPortIdVec>
<condition id="-1">
<or_exp><and_exp></and_exp></or_exp>
</condition>

<Node id="67" bw="32" op_0_bw="32" op_1_bw="0" op_2_bw="32" op_3_bw="0">
<![CDATA[
.preheader3:3  %h_2_0 = phi i32 [ %h_2_3, %4 ], [ undef, %.preheader3.preheader ]

]]></Node>
<StgValue><ssdm name="h_2_0"/></StgValue>
</operation>

<operation id="66" st_id="4" stage="1" lat="1">
<core>NULL</core>
<MemPortIdVec></MemPortIdVec>
<condition id="-1">
<or_exp><and_exp></and_exp></or_exp>
</condition>

<Node id="68" bw="32" op_0_bw="32" op_1_bw="0" op_2_bw="32" op_3_bw="0">
<![CDATA[
.preheader3:4  %h_1_0 = phi i32 [ %h_1_3, %4 ], [ undef, %.preheader3.preheader ]

]]></Node>
<StgValue><ssdm name="h_1_0"/></StgValue>
</operation>

<operation id="67" st_id="4" stage="1" lat="1">
<core>NULL</core>
<MemPortIdVec></MemPortIdVec>
<condition id="-1">
<or_exp><and_exp></and_exp></or_exp>
</condition>

<Node id="69" bw="32" op_0_bw="32" op_1_bw="0" op_2_bw="32" op_3_bw="0">
<![CDATA[
.preheader3:5  %h_0_0 = phi i32 [ %h_0_3, %4 ], [ undef, %.preheader3.preheader ]

]]></Node>
<StgValue><ssdm name="h_0_0"/></StgValue>
</operation>

<operation id="68" st_id="4" stage="1" lat="1">
<core>NULL</core>
<MemPortIdVec></MemPortIdVec>
<condition id="-1">
<or_exp><and_exp></and_exp></or_exp>
</condition>

<Node id="70" bw="32" op_0_bw="32" op_1_bw="0" op_2_bw="32" op_3_bw="0">
<![CDATA[
.preheader3:6  %r_2_0 = phi i32 [ %r_2_3, %4 ], [ undef, %.preheader3.preheader ]

]]></Node>
<StgValue><ssdm name="r_2_0"/></StgValue>
</operation>

<operation id="69" st_id="4" stage="1" lat="1">
<core>NULL</core>
<MemPortIdVec></MemPortIdVec>
<condition id="-1">
<or_exp><and_exp></and_exp></or_exp>
</condition>

<Node id="71" bw="32" op_0_bw="32" op_1_bw="0" op_2_bw="32" op_3_bw="0">
<![CDATA[
.preheader3:7  %r_1_0 = phi i32 [ %r_1_3, %4 ], [ undef, %.preheader3.preheader ]

]]></Node>
<StgValue><ssdm name="r_1_0"/></StgValue>
</operation>

<operation id="70" st_id="4" stage="1" lat="1">
<core>NULL</core>
<MemPortIdVec></MemPortIdVec>
<condition id="-1">
<or_exp><and_exp></and_exp></or_exp>
</condition>

<Node id="72" bw="32" op_0_bw="32" op_1_bw="0" op_2_bw="32" op_3_bw="0">
<![CDATA[
.preheader3:8  %r_0_0 = phi i32 [ %r_0_3, %4 ], [ undef, %.preheader3.preheader ]

]]></Node>
<StgValue><ssdm name="r_0_0"/></StgValue>
</operation>

<operation id="71" st_id="4" stage="1" lat="1">
<core>NULL</core>
<MemPortIdVec></MemPortIdVec>
<condition id="-1">
<or_exp><and_exp></and_exp></or_exp>
</condition>

<Node id="73" bw="32" op_0_bw="32" op_1_bw="0" op_2_bw="32" op_3_bw="0">
<![CDATA[
.preheader3:9  %zz_2_0 = phi i32 [ %zz_2_3, %4 ], [ undef, %.preheader3.preheader ]

]]></Node>
<StgValue><ssdm name="zz_2_0"/></StgValue>
</operation>

<operation id="72" st_id="4" stage="1" lat="1">
<core>NULL</core>
<MemPortIdVec></MemPortIdVec>
<condition id="-1">
<or_exp><and_exp></and_exp></or_exp>
</condition>

<Node id="74" bw="32" op_0_bw="32" op_1_bw="0" op_2_bw="32" op_3_bw="0">
<![CDATA[
.preheader3:10  %zz_1_0 = phi i32 [ %zz_1_3, %4 ], [ undef, %.preheader3.preheader ]

]]></Node>
<StgValue><ssdm name="zz_1_0"/></StgValue>
</operation>

<operation id="73" st_id="4" stage="1" lat="1">
<core>NULL</core>
<MemPortIdVec></MemPortIdVec>
<condition id="-1">
<or_exp><and_exp></and_exp></or_exp>
</condition>

<Node id="75" bw="32" op_0_bw="32" op_1_bw="0" op_2_bw="32" op_3_bw="0">
<![CDATA[
.preheader3:11  %zz_0_0 = phi i32 [ %zz_0_3, %4 ], [ undef, %.preheader3.preheader ]

]]></Node>
<StgValue><ssdm name="zz_0_0"/></StgValue>
</operation>

<operation id="74" st_id="4" stage="1" lat="1">
<core>NULL</core>
<MemPortIdVec></MemPortIdVec>
<condition id="-1">
<or_exp><and_exp></and_exp></or_exp>
</condition>

<Node id="76" bw="9" op_0_bw="9" op_1_bw="0" op_2_bw="9" op_3_bw="0">
<![CDATA[
.preheader3:12  %i_0 = phi i9 [ %i, %4 ], [ 0, %.preheader3.preheader ]

]]></Node>
<StgValue><ssdm name="i_0"/></StgValue>
</operation>

<operation id="75" st_id="4" stage="1" lat="1">
<core>NULL</core>
<MemPortIdVec></MemPortIdVec>
<condition id="-1">
<or_exp><and_exp></and_exp></or_exp>
</condition>

<Node id="77" bw="11" op_0_bw="9">
<![CDATA[
.preheader3:13  %zext_ln810 = zext i9 %i_0 to i11

]]></Node>
<StgValue><ssdm name="zext_ln810"/></StgValue>
</operation>

<operation id="76" st_id="4" stage="1" lat="1">
<core>Cmp</core>
<MemPortIdVec></MemPortIdVec>
<condition id="-1">
<or_exp><and_exp></and_exp></or_exp>
</condition>

<Node id="78" bw="1" op_0_bw="9" op_1_bw="9">
<![CDATA[
.preheader3:14  %icmp_ln810 = icmp eq i9 %i_0, -256

]]></Node>
<StgValue><ssdm name="icmp_ln810"/></StgValue>
</operation>

<operation id="77" st_id="4" stage="1" lat="1">
<core>NULL</core>
<MemPortIdVec></MemPortIdVec>
<condition id="-1">
<or_exp><and_exp></and_exp></or_exp>
</condition>

<Node id="79" bw="32" op_0_bw="32" op_1_bw="64" op_2_bw="64" op_3_bw="64">
<![CDATA[
.preheader3:15  %empty_8 = call i32 (...)* @_ssdm_op_SpecLoopTripCount(i64 256, i64 256, i64 256)

]]></Node>
<StgValue><ssdm name="empty_8"/></StgValue>
</operation>

<operation id="78" st_id="4" stage="1" lat="1">
<core>AddSub</core>
<MemPortIdVec></MemPortIdVec>
<condition id="-1">
<or_exp><and_exp></and_exp></or_exp>
</condition>

<Node id="80" bw="9" op_0_bw="9" op_1_bw="9">
<![CDATA[
.preheader3:16  %i = add i9 %i_0, 1

]]></Node>
<StgValue><ssdm name="i"/></StgValue>
</operation>

<operation id="79" st_id="4" stage="1" lat="1">
<core>NULL</core>
<MemPortIdVec></MemPortIdVec>
<condition id="-1">
<or_exp><and_exp></and_exp></or_exp>
</condition>

<Node id="81" bw="0" op_0_bw="1" op_1_bw="0" op_2_bw="0">
<![CDATA[
.preheader3:17  br i1 %icmp_ln810, label %.preheader.preheader, label %meminst4.preheader

]]></Node>
<StgValue><ssdm name="br_ln810"/></StgValue>
</operation>

<operation id="80" st_id="4" stage="1" lat="1">
<core>NULL</core>
<MemPortIdVec></MemPortIdVec>
<condition id="-1">
<or_exp><and_exp><literal name="icmp_ln810" val="0"/>
</and_exp></or_exp>
</condition>

<Node id="83" bw="0" op_0_bw="0">
<![CDATA[
meminst4.preheader:0  br label %meminst4

]]></Node>
<StgValue><ssdm name="br_ln811"/></StgValue>
</operation>

<operation id="81" st_id="4" stage="1" lat="1">
<core>NULL</core>
<MemPortIdVec></MemPortIdVec>
<condition id="-1">
<or_exp><and_exp><literal name="icmp_ln810" val="1"/>
</and_exp></or_exp>
</condition>

<Node id="231" bw="0" op_0_bw="0">
<![CDATA[
.preheader.preheader:0  br label %.preheader

]]></Node>
<StgValue><ssdm name="br_ln828"/></StgValue>
</operation>
</state>

<state id="5" st_id="5">

<operation id="82" st_id="5" stage="1" lat="1">
<core>NULL</core>
<MemPortIdVec></MemPortIdVec>
<condition id="-1">
<or_exp><and_exp></and_exp></or_exp>
</condition>

<Node id="85" bw="32" op_0_bw="32" op_1_bw="0" op_2_bw="32" op_3_bw="0">
<![CDATA[
meminst4:0  %zz_2_1 = phi i32 [ %zz_2_2, %meminst4 ], [ %zz_2_0, %meminst4.preheader ]

]]></Node>
<StgValue><ssdm name="zz_2_1"/></StgValue>
</operation>

<operation id="83" st_id="5" stage="1" lat="1">
<core>NULL</core>
<MemPortIdVec></MemPortIdVec>
<condition id="-1">
<or_exp><and_exp></and_exp></or_exp>
</condition>

<Node id="86" bw="32" op_0_bw="32" op_1_bw="0" op_2_bw="32" op_3_bw="0">
<![CDATA[
meminst4:1  %zz_1_1 = phi i32 [ %zz_1_2, %meminst4 ], [ %zz_1_0, %meminst4.preheader ]

]]></Node>
<StgValue><ssdm name="zz_1_1"/></StgValue>
</operation>

<operation id="84" st_id="5" stage="1" lat="1">
<core>NULL</core>
<MemPortIdVec></MemPortIdVec>
<condition id="-1">
<or_exp><and_exp></and_exp></or_exp>
</condition>

<Node id="87" bw="32" op_0_bw="32" op_1_bw="0" op_2_bw="32" op_3_bw="0">
<![CDATA[
meminst4:2  %zz_0_1 = phi i32 [ %zz_0_2, %meminst4 ], [ %zz_0_0, %meminst4.preheader ]

]]></Node>
<StgValue><ssdm name="zz_0_1"/></StgValue>
</operation>

<operation id="85" st_id="5" stage="1" lat="1">
<core>NULL</core>
<MemPortIdVec></MemPortIdVec>
<condition id="-1">
<or_exp><and_exp></and_exp></or_exp>
</condition>

<Node id="88" bw="2" op_0_bw="2" op_1_bw="0" op_2_bw="2" op_3_bw="0">
<![CDATA[
meminst4:3  %phi_ln811 = phi i2 [ %add_ln811, %meminst4 ], [ 0, %meminst4.preheader ]

]]></Node>
<StgValue><ssdm name="phi_ln811"/></StgValue>
</operation>

<operation id="86" st_id="5" stage="1" lat="1">
<core>AddSub</core>
<MemPortIdVec></MemPortIdVec>
<condition id="-1">
<or_exp><and_exp></and_exp></or_exp>
</condition>

<Node id="89" bw="2" op_0_bw="2" op_1_bw="2">
<![CDATA[
meminst4:4  %add_ln811 = add i2 %phi_ln811, 1

]]></Node>
<StgValue><ssdm name="add_ln811"/></StgValue>
</operation>

<operation id="87" st_id="5" stage="1" lat="1">
<core>MuxnS</core>
<MemPortIdVec></MemPortIdVec>
<condition id="-1">
<or_exp><and_exp></and_exp></or_exp>
</condition>

<Node id="90" bw="32" op_0_bw="32" op_1_bw="32" op_2_bw="32" op_3_bw="32" op_4_bw="32" op_5_bw="2">
<![CDATA[
meminst4:5  %zz_0_2 = call i32 @_ssdm_op_Mux.ap_auto.4i32.i2(i32 0, i32 %zz_0_1, i32 %zz_0_1, i32 %zz_0_1, i2 %phi_ln811)

]]></Node>
<StgValue><ssdm name="zz_0_2"/></StgValue>
</operation>

<operation id="88" st_id="5" stage="1" lat="1">
<core>MuxnS</core>
<MemPortIdVec></MemPortIdVec>
<condition id="-1">
<or_exp><and_exp></and_exp></or_exp>
</condition>

<Node id="91" bw="32" op_0_bw="32" op_1_bw="32" op_2_bw="32" op_3_bw="32" op_4_bw="32" op_5_bw="2">
<![CDATA[
meminst4:6  %zz_1_2 = call i32 @_ssdm_op_Mux.ap_auto.4i32.i2(i32 %zz_1_1, i32 0, i32 %zz_1_1, i32 %zz_1_1, i2 %phi_ln811)

]]></Node>
<StgValue><ssdm name="zz_1_2"/></StgValue>
</operation>

<operation id="89" st_id="5" stage="1" lat="1">
<core>MuxnS</core>
<MemPortIdVec></MemPortIdVec>
<condition id="-1">
<or_exp><and_exp></and_exp></or_exp>
</condition>

<Node id="92" bw="32" op_0_bw="32" op_1_bw="32" op_2_bw="32" op_3_bw="32" op_4_bw="32" op_5_bw="2">
<![CDATA[
meminst4:7  %zz_2_2 = call i32 @_ssdm_op_Mux.ap_auto.4i32.i2(i32 %zz_2_1, i32 %zz_2_1, i32 0, i32 0, i2 %phi_ln811)

]]></Node>
<StgValue><ssdm name="zz_2_2"/></StgValue>
</operation>

<operation id="90" st_id="5" stage="1" lat="1">
<core>Cmp</core>
<MemPortIdVec></MemPortIdVec>
<condition id="-1">
<or_exp><and_exp></and_exp></or_exp>
</condition>

<Node id="93" bw="1" op_0_bw="2" op_1_bw="2">
<![CDATA[
meminst4:8  %icmp_ln811 = icmp eq i2 %phi_ln811, -2

]]></Node>
<StgValue><ssdm name="icmp_ln811"/></StgValue>
</operation>

<operation id="91" st_id="5" stage="1" lat="1">
<core>NULL</core>
<MemPortIdVec></MemPortIdVec>
<condition id="-1">
<or_exp><and_exp></and_exp></or_exp>
</condition>

<Node id="94" bw="32" op_0_bw="32" op_1_bw="0">
<![CDATA[
meminst4:9  %empty_9 = call i32 (...)* @_ssdm_op_SpecLoopName([10 x i8]* @memset_zz_str) nounwind

]]></Node>
<StgValue><ssdm name="empty_9"/></StgValue>
</operation>

<operation id="92" st_id="5" stage="1" lat="1">
<core>NULL</core>
<MemPortIdVec></MemPortIdVec>
<condition id="-1">
<or_exp><and_exp></and_exp></or_exp>
</condition>

<Node id="95" bw="32" op_0_bw="32" op_1_bw="64" op_2_bw="64" op_3_bw="64">
<![CDATA[
meminst4:10  %empty_10 = call i32 (...)* @_ssdm_op_SpecLoopTripCount(i64 3, i64 3, i64 3)

]]></Node>
<StgValue><ssdm name="empty_10"/></StgValue>
</operation>

<operation id="93" st_id="5" stage="1" lat="1">
<core>NULL</core>
<MemPortIdVec></MemPortIdVec>
<condition id="-1">
<or_exp><and_exp></and_exp></or_exp>
</condition>

<Node id="96" bw="0" op_0_bw="1" op_1_bw="0" op_2_bw="0">
<![CDATA[
meminst4:11  br i1 %icmp_ln811, label %meminst7.preheader, label %meminst4

]]></Node>
<StgValue><ssdm name="br_ln811"/></StgValue>
</operation>

<operation id="94" st_id="5" stage="1" lat="1">
<core>NULL</core>
<MemPortIdVec></MemPortIdVec>
<condition id="-1">
<or_exp><and_exp><literal name="icmp_ln811" val="1"/>
</and_exp></or_exp>
</condition>

<Node id="98" bw="0" op_0_bw="0">
<![CDATA[
meminst7.preheader:0  br label %meminst7

]]></Node>
<StgValue><ssdm name="br_ln812"/></StgValue>
</operation>
</state>

<state id="6" st_id="6">

<operation id="95" st_id="6" stage="1" lat="1">
<core>NULL</core>
<MemPortIdVec></MemPortIdVec>
<condition id="-1">
<or_exp><and_exp></and_exp></or_exp>
</condition>

<Node id="100" bw="32" op_0_bw="32" op_1_bw="0" op_2_bw="32" op_3_bw="0">
<![CDATA[
meminst7:0  %r_2_1 = phi i32 [ %r_2_2, %meminst7 ], [ %r_2_0, %meminst7.preheader ]

]]></Node>
<StgValue><ssdm name="r_2_1"/></StgValue>
</operation>

<operation id="96" st_id="6" stage="1" lat="1">
<core>NULL</core>
<MemPortIdVec></MemPortIdVec>
<condition id="-1">
<or_exp><and_exp></and_exp></or_exp>
</condition>

<Node id="101" bw="32" op_0_bw="32" op_1_bw="0" op_2_bw="32" op_3_bw="0">
<![CDATA[
meminst7:1  %r_1_1 = phi i32 [ %r_1_2, %meminst7 ], [ %r_1_0, %meminst7.preheader ]

]]></Node>
<StgValue><ssdm name="r_1_1"/></StgValue>
</operation>

<operation id="97" st_id="6" stage="1" lat="1">
<core>NULL</core>
<MemPortIdVec></MemPortIdVec>
<condition id="-1">
<or_exp><and_exp></and_exp></or_exp>
</condition>

<Node id="102" bw="32" op_0_bw="32" op_1_bw="0" op_2_bw="32" op_3_bw="0">
<![CDATA[
meminst7:2  %r_0_1 = phi i32 [ %r_0_2, %meminst7 ], [ %r_0_0, %meminst7.preheader ]

]]></Node>
<StgValue><ssdm name="r_0_1"/></StgValue>
</operation>

<operation id="98" st_id="6" stage="1" lat="1">
<core>NULL</core>
<MemPortIdVec></MemPortIdVec>
<condition id="-1">
<or_exp><and_exp></and_exp></or_exp>
</condition>

<Node id="103" bw="2" op_0_bw="2" op_1_bw="0" op_2_bw="2" op_3_bw="0">
<![CDATA[
meminst7:3  %phi_ln812 = phi i2 [ %add_ln812, %meminst7 ], [ 0, %meminst7.preheader ]

]]></Node>
<StgValue><ssdm name="phi_ln812"/></StgValue>
</operation>

<operation id="99" st_id="6" stage="1" lat="1">
<core>AddSub</core>
<MemPortIdVec></MemPortIdVec>
<condition id="-1">
<or_exp><and_exp></and_exp></or_exp>
</condition>

<Node id="104" bw="2" op_0_bw="2" op_1_bw="2">
<![CDATA[
meminst7:4  %add_ln812 = add i2 %phi_ln812, 1

]]></Node>
<StgValue><ssdm name="add_ln812"/></StgValue>
</operation>

<operation id="100" st_id="6" stage="1" lat="1">
<core>MuxnS</core>
<MemPortIdVec></MemPortIdVec>
<condition id="-1">
<or_exp><and_exp></and_exp></or_exp>
</condition>

<Node id="105" bw="32" op_0_bw="32" op_1_bw="32" op_2_bw="32" op_3_bw="32" op_4_bw="32" op_5_bw="2">
<![CDATA[
meminst7:5  %r_0_2 = call i32 @_ssdm_op_Mux.ap_auto.4i32.i2(i32 0, i32 %r_0_1, i32 %r_0_1, i32 %r_0_1, i2 %phi_ln812)

]]></Node>
<StgValue><ssdm name="r_0_2"/></StgValue>
</operation>

<operation id="101" st_id="6" stage="1" lat="1">
<core>MuxnS</core>
<MemPortIdVec></MemPortIdVec>
<condition id="-1">
<or_exp><and_exp></and_exp></or_exp>
</condition>

<Node id="106" bw="32" op_0_bw="32" op_1_bw="32" op_2_bw="32" op_3_bw="32" op_4_bw="32" op_5_bw="2">
<![CDATA[
meminst7:6  %r_1_2 = call i32 @_ssdm_op_Mux.ap_auto.4i32.i2(i32 %r_1_1, i32 0, i32 %r_1_1, i32 %r_1_1, i2 %phi_ln812)

]]></Node>
<StgValue><ssdm name="r_1_2"/></StgValue>
</operation>

<operation id="102" st_id="6" stage="1" lat="1">
<core>MuxnS</core>
<MemPortIdVec></MemPortIdVec>
<condition id="-1">
<or_exp><and_exp></and_exp></or_exp>
</condition>

<Node id="107" bw="32" op_0_bw="32" op_1_bw="32" op_2_bw="32" op_3_bw="32" op_4_bw="32" op_5_bw="2">
<![CDATA[
meminst7:7  %r_2_2 = call i32 @_ssdm_op_Mux.ap_auto.4i32.i2(i32 %r_2_1, i32 %r_2_1, i32 0, i32 0, i2 %phi_ln812)

]]></Node>
<StgValue><ssdm name="r_2_2"/></StgValue>
</operation>

<operation id="103" st_id="6" stage="1" lat="1">
<core>Cmp</core>
<MemPortIdVec></MemPortIdVec>
<condition id="-1">
<or_exp><and_exp></and_exp></or_exp>
</condition>

<Node id="108" bw="1" op_0_bw="2" op_1_bw="2">
<![CDATA[
meminst7:8  %icmp_ln812 = icmp eq i2 %phi_ln812, -2

]]></Node>
<StgValue><ssdm name="icmp_ln812"/></StgValue>
</operation>

<operation id="104" st_id="6" stage="1" lat="1">
<core>NULL</core>
<MemPortIdVec></MemPortIdVec>
<condition id="-1">
<or_exp><and_exp></and_exp></or_exp>
</condition>

<Node id="109" bw="32" op_0_bw="32" op_1_bw="0">
<![CDATA[
meminst7:9  %empty_11 = call i32 (...)* @_ssdm_op_SpecLoopName([9 x i8]* @memset_r_str) nounwind

]]></Node>
<StgValue><ssdm name="empty_11"/></StgValue>
</operation>

<operation id="105" st_id="6" stage="1" lat="1">
<core>NULL</core>
<MemPortIdVec></MemPortIdVec>
<condition id="-1">
<or_exp><and_exp></and_exp></or_exp>
</condition>

<Node id="110" bw="32" op_0_bw="32" op_1_bw="64" op_2_bw="64" op_3_bw="64">
<![CDATA[
meminst7:10  %empty_12 = call i32 (...)* @_ssdm_op_SpecLoopTripCount(i64 3, i64 3, i64 3)

]]></Node>
<StgValue><ssdm name="empty_12"/></StgValue>
</operation>

<operation id="106" st_id="6" stage="1" lat="1">
<core>NULL</core>
<MemPortIdVec></MemPortIdVec>
<condition id="-1">
<or_exp><and_exp></and_exp></or_exp>
</condition>

<Node id="111" bw="0" op_0_bw="1" op_1_bw="0" op_2_bw="0">
<![CDATA[
meminst7:11  br i1 %icmp_ln812, label %meminst10.preheader, label %meminst7

]]></Node>
<StgValue><ssdm name="br_ln812"/></StgValue>
</operation>

<operation id="107" st_id="6" stage="1" lat="1">
<core>NULL</core>
<MemPortIdVec></MemPortIdVec>
<condition id="-1">
<or_exp><and_exp><literal name="icmp_ln812" val="1"/>
</and_exp></or_exp>
</condition>

<Node id="113" bw="0" op_0_bw="0">
<![CDATA[
meminst10.preheader:0  br label %meminst10

]]></Node>
<StgValue><ssdm name="br_ln813"/></StgValue>
</operation>
</state>

<state id="7" st_id="7">

<operation id="108" st_id="7" stage="1" lat="1">
<core>NULL</core>
<MemPortIdVec></MemPortIdVec>
<condition id="-1">
<or_exp><and_exp></and_exp></or_exp>
</condition>

<Node id="115" bw="32" op_0_bw="32" op_1_bw="0" op_2_bw="32" op_3_bw="0">
<![CDATA[
meminst10:0  %h_2_1 = phi i32 [ %h_2_2, %meminst10 ], [ %h_2_0, %meminst10.preheader ]

]]></Node>
<StgValue><ssdm name="h_2_1"/></StgValue>
</operation>

<operation id="109" st_id="7" stage="1" lat="1">
<core>NULL</core>
<MemPortIdVec></MemPortIdVec>
<condition id="-1">
<or_exp><and_exp></and_exp></or_exp>
</condition>

<Node id="116" bw="32" op_0_bw="32" op_1_bw="0" op_2_bw="32" op_3_bw="0">
<![CDATA[
meminst10:1  %h_1_1 = phi i32 [ %h_1_2, %meminst10 ], [ %h_1_0, %meminst10.preheader ]

]]></Node>
<StgValue><ssdm name="h_1_1"/></StgValue>
</operation>

<operation id="110" st_id="7" stage="1" lat="1">
<core>NULL</core>
<MemPortIdVec></MemPortIdVec>
<condition id="-1">
<or_exp><and_exp></and_exp></or_exp>
</condition>

<Node id="117" bw="32" op_0_bw="32" op_1_bw="0" op_2_bw="32" op_3_bw="0">
<![CDATA[
meminst10:2  %h_0_1 = phi i32 [ %h_0_2, %meminst10 ], [ %h_0_0, %meminst10.preheader ]

]]></Node>
<StgValue><ssdm name="h_0_1"/></StgValue>
</operation>

<operation id="111" st_id="7" stage="1" lat="1">
<core>NULL</core>
<MemPortIdVec></MemPortIdVec>
<condition id="-1">
<or_exp><and_exp></and_exp></or_exp>
</condition>

<Node id="118" bw="2" op_0_bw="2" op_1_bw="0" op_2_bw="2" op_3_bw="0">
<![CDATA[
meminst10:3  %phi_ln813 = phi i2 [ %add_ln813, %meminst10 ], [ 0, %meminst10.preheader ]

]]></Node>
<StgValue><ssdm name="phi_ln813"/></StgValue>
</operation>

<operation id="112" st_id="7" stage="1" lat="1">
<core>AddSub</core>
<MemPortIdVec></MemPortIdVec>
<condition id="-1">
<or_exp><and_exp></and_exp></or_exp>
</condition>

<Node id="119" bw="2" op_0_bw="2" op_1_bw="2">
<![CDATA[
meminst10:4  %add_ln813 = add i2 %phi_ln813, 1

]]></Node>
<StgValue><ssdm name="add_ln813"/></StgValue>
</operation>

<operation id="113" st_id="7" stage="1" lat="1">
<core>MuxnS</core>
<MemPortIdVec></MemPortIdVec>
<condition id="-1">
<or_exp><and_exp></and_exp></or_exp>
</condition>

<Node id="120" bw="32" op_0_bw="32" op_1_bw="32" op_2_bw="32" op_3_bw="32" op_4_bw="32" op_5_bw="2">
<![CDATA[
meminst10:5  %h_0_2 = call i32 @_ssdm_op_Mux.ap_auto.4i32.i2(i32 0, i32 %h_0_1, i32 %h_0_1, i32 %h_0_1, i2 %phi_ln813)

]]></Node>
<StgValue><ssdm name="h_0_2"/></StgValue>
</operation>

<operation id="114" st_id="7" stage="1" lat="1">
<core>MuxnS</core>
<MemPortIdVec></MemPortIdVec>
<condition id="-1">
<or_exp><and_exp></and_exp></or_exp>
</condition>

<Node id="121" bw="32" op_0_bw="32" op_1_bw="32" op_2_bw="32" op_3_bw="32" op_4_bw="32" op_5_bw="2">
<![CDATA[
meminst10:6  %h_1_2 = call i32 @_ssdm_op_Mux.ap_auto.4i32.i2(i32 %h_1_1, i32 0, i32 %h_1_1, i32 %h_1_1, i2 %phi_ln813)

]]></Node>
<StgValue><ssdm name="h_1_2"/></StgValue>
</operation>

<operation id="115" st_id="7" stage="1" lat="1">
<core>MuxnS</core>
<MemPortIdVec></MemPortIdVec>
<condition id="-1">
<or_exp><and_exp></and_exp></or_exp>
</condition>

<Node id="122" bw="32" op_0_bw="32" op_1_bw="32" op_2_bw="32" op_3_bw="32" op_4_bw="32" op_5_bw="2">
<![CDATA[
meminst10:7  %h_2_2 = call i32 @_ssdm_op_Mux.ap_auto.4i32.i2(i32 %h_2_1, i32 %h_2_1, i32 0, i32 0, i2 %phi_ln813)

]]></Node>
<StgValue><ssdm name="h_2_2"/></StgValue>
</operation>

<operation id="116" st_id="7" stage="1" lat="1">
<core>Cmp</core>
<MemPortIdVec></MemPortIdVec>
<condition id="-1">
<or_exp><and_exp></and_exp></or_exp>
</condition>

<Node id="123" bw="1" op_0_bw="2" op_1_bw="2">
<![CDATA[
meminst10:8  %icmp_ln813 = icmp eq i2 %phi_ln813, -2

]]></Node>
<StgValue><ssdm name="icmp_ln813"/></StgValue>
</operation>

<operation id="117" st_id="7" stage="1" lat="1">
<core>NULL</core>
<MemPortIdVec></MemPortIdVec>
<condition id="-1">
<or_exp><and_exp></and_exp></or_exp>
</condition>

<Node id="124" bw="32" op_0_bw="32" op_1_bw="0">
<![CDATA[
meminst10:9  %empty_13 = call i32 (...)* @_ssdm_op_SpecLoopName([9 x i8]* @memset_h_str) nounwind

]]></Node>
<StgValue><ssdm name="empty_13"/></StgValue>
</operation>

<operation id="118" st_id="7" stage="1" lat="1">
<core>NULL</core>
<MemPortIdVec></MemPortIdVec>
<condition id="-1">
<or_exp><and_exp></and_exp></or_exp>
</condition>

<Node id="125" bw="32" op_0_bw="32" op_1_bw="64" op_2_bw="64" op_3_bw="64">
<![CDATA[
meminst10:10  %empty_14 = call i32 (...)* @_ssdm_op_SpecLoopTripCount(i64 3, i64 3, i64 3)

]]></Node>
<StgValue><ssdm name="empty_14"/></StgValue>
</operation>

<operation id="119" st_id="7" stage="1" lat="1">
<core>NULL</core>
<MemPortIdVec></MemPortIdVec>
<condition id="-1">
<or_exp><and_exp></and_exp></or_exp>
</condition>

<Node id="126" bw="0" op_0_bw="1" op_1_bw="0" op_2_bw="0">
<![CDATA[
meminst10:11  br i1 %icmp_ln813, label %2, label %meminst10

]]></Node>
<StgValue><ssdm name="br_ln813"/></StgValue>
</operation>

<operation id="120" st_id="7" stage="1" lat="1">
<core>NULL</core>
<MemPortIdVec></MemPortIdVec>
<condition id="-1">
<or_exp><and_exp><literal name="icmp_ln813" val="1"/>
</and_exp></or_exp>
</condition>

<Node id="128" bw="8" op_0_bw="9">
<![CDATA[
:0  %trunc_ln815 = trunc i9 %i_0 to i8

]]></Node>
<StgValue><ssdm name="trunc_ln815"/></StgValue>
</operation>

<operation id="121" st_id="7" stage="1" lat="1">
<core>NULL</core>
<MemPortIdVec></MemPortIdVec>
<condition id="-1">
<or_exp><and_exp><literal name="icmp_ln813" val="1"/>
</and_exp></or_exp>
</condition>

<Node id="129" bw="10" op_0_bw="10" op_1_bw="8" op_2_bw="2">
<![CDATA[
:1  %shl_ln = call i10 @_ssdm_op_BitConcatenate.i10.i8.i2(i8 %trunc_ln815, i2 0)

]]></Node>
<StgValue><ssdm name="shl_ln"/></StgValue>
</operation>

<operation id="122" st_id="7" stage="1" lat="1">
<core>NULL</core>
<MemPortIdVec></MemPortIdVec>
<condition id="-1">
<or_exp><and_exp><literal name="icmp_ln813" val="1"/>
</and_exp></or_exp>
</condition>

<Node id="130" bw="11" op_0_bw="10">
<![CDATA[
:2  %zext_ln815_1 = zext i10 %shl_ln to i11

]]></Node>
<StgValue><ssdm name="zext_ln815_1"/></StgValue>
</operation>

<operation id="123" st_id="7" stage="1" lat="1">
<core>AddSub</core>
<MemPortIdVec></MemPortIdVec>
<condition id="-1">
<or_exp><and_exp><literal name="icmp_ln813" val="1"/>
</and_exp></or_exp>
</condition>

<Node id="131" bw="11" op_0_bw="11" op_1_bw="11">
<![CDATA[
:3  %sub_ln815_1 = sub i11 %zext_ln815_1, %zext_ln810

]]></Node>
<StgValue><ssdm name="sub_ln815_1"/></StgValue>
</operation>

<operation id="124" st_id="7" stage="1" lat="1">
<core>NULL</core>
<MemPortIdVec></MemPortIdVec>
<condition id="-1">
<or_exp><and_exp><literal name="icmp_ln813" val="1"/>
</and_exp></or_exp>
</condition>

<Node id="132" bw="32" op_0_bw="11">
<![CDATA[
:4  %sext_ln815 = sext i11 %sub_ln815_1 to i32

]]></Node>
<StgValue><ssdm name="sext_ln815"/></StgValue>
</operation>

<operation id="125" st_id="7" stage="1" lat="1">
<core>NULL</core>
<MemPortIdVec></MemPortIdVec>
<condition id="-1">
<or_exp><and_exp><literal name="icmp_ln813" val="1"/>
</and_exp></or_exp>
</condition>

<Node id="133" bw="64" op_0_bw="32">
<![CDATA[
:5  %zext_ln815 = zext i32 %sext_ln815 to i64

]]></Node>
<StgValue><ssdm name="zext_ln815"/></StgValue>
</operation>

<operation id="126" st_id="7" stage="1" lat="1">
<core>NULL</core>
<MemPortIdVec></MemPortIdVec>
<condition id="-1">
<or_exp><and_exp><literal name="icmp_ln813" val="1"/>
</and_exp></or_exp>
</condition>

<Node id="134" bw="10" op_0_bw="32" op_1_bw="64" op_2_bw="64">
<![CDATA[
:6  %input_addr_1 = getelementptr inbounds [768 x i32]* %input, i64 0, i64 %zext_ln815

]]></Node>
<StgValue><ssdm name="input_addr_1"/></StgValue>
</operation>

<operation id="127" st_id="7" stage="2" lat="2">
<core>RAM</core>
<MemPortIdVec></MemPortIdVec>
<condition id="-1">
<or_exp><and_exp><literal name="icmp_ln813" val="1"/>
</and_exp></or_exp>
</condition>

<Node id="135" bw="32" op_0_bw="10">
<![CDATA[
:7  %input_load = load i32* %input_addr_1, align 4

]]></Node>
<StgValue><ssdm name="input_load"/></StgValue>
</operation>

<operation id="128" st_id="7" stage="1" lat="1">
<core>NULL</core>
<MemPortIdVec></MemPortIdVec>
<condition id="-1">
<or_exp><and_exp><literal name="icmp_ln813" val="1"/>
</and_exp></or_exp>
</condition>

<Node id="136" bw="11" op_0_bw="11" op_1_bw="9" op_2_bw="2">
<![CDATA[
:8  %tmp_1 = call i11 @_ssdm_op_BitConcatenate.i11.i9.i2(i9 %i_0, i2 0)

]]></Node>
<StgValue><ssdm name="tmp_1"/></StgValue>
</operation>

<operation id="129" st_id="7" stage="1" lat="1">
<core>AddSub</core>
<MemPortIdVec></MemPortIdVec>
<condition id="-1">
<or_exp><and_exp><literal name="icmp_ln813" val="1"/>
</and_exp></or_exp>
</condition>

<Node id="137" bw="11" op_0_bw="11" op_1_bw="11">
<![CDATA[
:9  %sub_ln819_1 = sub i11 %tmp_1, %zext_ln810

]]></Node>
<StgValue><ssdm name="sub_ln819_1"/></StgValue>
</operation>
</state>

<state id="8" st_id="8">

<operation id="130" st_id="8" stage="1" lat="2">
<core>RAM</core>
<MemPortIdVec></MemPortIdVec>
<condition id="-1">
<or_exp><and_exp></and_exp></or_exp>
</condition>

<Node id="135" bw="32" op_0_bw="10">
<![CDATA[
:7  %input_load = load i32* %input_addr_1, align 4

]]></Node>
<StgValue><ssdm name="input_load"/></StgValue>
</operation>

<operation id="131" st_id="8" stage="1" lat="1">
<core>NULL</core>
<MemPortIdVec></MemPortIdVec>
<condition id="-1">
<or_exp><and_exp></and_exp></or_exp>
</condition>

<Node id="138" bw="0" op_0_bw="0">
<![CDATA[
:10  br label %branch16

]]></Node>
<StgValue><ssdm name="br_ln814"/></StgValue>
</operation>
</state>

<state id="9" st_id="9">

<operation id="132" st_id="9" stage="1" lat="1">
<core>NULL</core>
<MemPortIdVec></MemPortIdVec>
<condition id="-1">
<or_exp><and_exp></and_exp></or_exp>
</condition>

<Node id="140" bw="32" op_0_bw="32" op_1_bw="0" op_2_bw="32" op_3_bw="0">
<![CDATA[
branch16:0  %h_2_3 = phi i32 [ %h_2_2, %2 ], [ %h_2_3_be, %branch16.backedge ]

]]></Node>
<StgValue><ssdm name="h_2_3"/></StgValue>
</operation>

<operation id="133" st_id="9" stage="1" lat="1">
<core>NULL</core>
<MemPortIdVec></MemPortIdVec>
<condition id="-1">
<or_exp><and_exp></and_exp></or_exp>
</condition>

<Node id="141" bw="32" op_0_bw="32" op_1_bw="0" op_2_bw="32" op_3_bw="0">
<![CDATA[
branch16:1  %h_1_3 = phi i32 [ %h_1_2, %2 ], [ %h_1_3_be, %branch16.backedge ]

]]></Node>
<StgValue><ssdm name="h_1_3"/></StgValue>
</operation>

<operation id="134" st_id="9" stage="1" lat="1">
<core>NULL</core>
<MemPortIdVec></MemPortIdVec>
<condition id="-1">
<or_exp><and_exp></and_exp></or_exp>
</condition>

<Node id="142" bw="32" op_0_bw="32" op_1_bw="0" op_2_bw="32" op_3_bw="0">
<![CDATA[
branch16:2  %h_0_3 = phi i32 [ %h_0_2, %2 ], [ %h_0_3_be, %branch16.backedge ]

]]></Node>
<StgValue><ssdm name="h_0_3"/></StgValue>
</operation>

<operation id="135" st_id="9" stage="1" lat="1">
<core>NULL</core>
<MemPortIdVec></MemPortIdVec>
<condition id="-1">
<or_exp><and_exp></and_exp></or_exp>
</condition>

<Node id="143" bw="32" op_0_bw="32" op_1_bw="0" op_2_bw="32" op_3_bw="0">
<![CDATA[
branch16:3  %r_2_3 = phi i32 [ %r_2_2, %2 ], [ %r_2_4, %branch16.backedge ]

]]></Node>
<StgValue><ssdm name="r_2_3"/></StgValue>
</operation>

<operation id="136" st_id="9" stage="1" lat="1">
<core>NULL</core>
<MemPortIdVec></MemPortIdVec>
<condition id="-1">
<or_exp><and_exp></and_exp></or_exp>
</condition>

<Node id="144" bw="32" op_0_bw="32" op_1_bw="0" op_2_bw="32" op_3_bw="0">
<![CDATA[
branch16:4  %r_1_3 = phi i32 [ %r_1_2, %2 ], [ %r_1_4, %branch16.backedge ]

]]></Node>
<StgValue><ssdm name="r_1_3"/></StgValue>
</operation>

<operation id="137" st_id="9" stage="1" lat="1">
<core>NULL</core>
<MemPortIdVec></MemPortIdVec>
<condition id="-1">
<or_exp><and_exp></and_exp></or_exp>
</condition>

<Node id="145" bw="32" op_0_bw="32" op_1_bw="0" op_2_bw="32" op_3_bw="0">
<![CDATA[
branch16:5  %r_0_3 = phi i32 [ %r_0_2, %2 ], [ %r_0_4, %branch16.backedge ]

]]></Node>
<StgValue><ssdm name="r_0_3"/></StgValue>
</operation>

<operation id="138" st_id="9" stage="1" lat="1">
<core>NULL</core>
<MemPortIdVec></MemPortIdVec>
<condition id="-1">
<or_exp><and_exp></and_exp></or_exp>
</condition>

<Node id="146" bw="32" op_0_bw="32" op_1_bw="0" op_2_bw="32" op_3_bw="0">
<![CDATA[
branch16:6  %zz_2_3 = phi i32 [ %zz_2_2, %2 ], [ %zz_2_4, %branch16.backedge ]

]]></Node>
<StgValue><ssdm name="zz_2_3"/></StgValue>
</operation>

<operation id="139" st_id="9" stage="1" lat="1">
<core>NULL</core>
<MemPortIdVec></MemPortIdVec>
<condition id="-1">
<or_exp><and_exp></and_exp></or_exp>
</condition>

<Node id="147" bw="32" op_0_bw="32" op_1_bw="0" op_2_bw="32" op_3_bw="0">
<![CDATA[
branch16:7  %zz_1_3 = phi i32 [ %zz_1_2, %2 ], [ %zz_1_4, %branch16.backedge ]

]]></Node>
<StgValue><ssdm name="zz_1_3"/></StgValue>
</operation>

<operation id="140" st_id="9" stage="1" lat="1">
<core>NULL</core>
<MemPortIdVec></MemPortIdVec>
<condition id="-1">
<or_exp><and_exp></and_exp></or_exp>
</condition>

<Node id="148" bw="32" op_0_bw="32" op_1_bw="0" op_2_bw="32" op_3_bw="0">
<![CDATA[
branch16:8  %zz_0_3 = phi i32 [ %zz_0_2, %2 ], [ %zz_0_4, %branch16.backedge ]

]]></Node>
<StgValue><ssdm name="zz_0_3"/></StgValue>
</operation>

<operation id="141" st_id="9" stage="1" lat="1">
<core>NULL</core>
<MemPortIdVec></MemPortIdVec>
<condition id="-1">
<or_exp><and_exp></and_exp></or_exp>
</condition>

<Node id="149" bw="2" op_0_bw="2" op_1_bw="0" op_2_bw="2" op_3_bw="0">
<![CDATA[
branch16:9  %j_0 = phi i2 [ 0, %2 ], [ %j, %branch16.backedge ]

]]></Node>
<StgValue><ssdm name="j_0"/></StgValue>
</operation>

<operation id="142" st_id="9" stage="1" lat="1">
<core>Cmp</core>
<MemPortIdVec></MemPortIdVec>
<condition id="-1">
<or_exp><and_exp></and_exp></or_exp>
</condition>

<Node id="150" bw="1" op_0_bw="2" op_1_bw="2">
<![CDATA[
branch16:10  %icmp_ln814 = icmp eq i2 %j_0, -1

]]></Node>
<StgValue><ssdm name="icmp_ln814"/></StgValue>
</operation>

<operation id="143" st_id="9" stage="1" lat="1">
<core>NULL</core>
<MemPortIdVec></MemPortIdVec>
<condition id="-1">
<or_exp><and_exp></and_exp></or_exp>
</condition>

<Node id="151" bw="32" op_0_bw="32" op_1_bw="64" op_2_bw="64" op_3_bw="64">
<![CDATA[
branch16:11  %empty_15 = call i32 (...)* @_ssdm_op_SpecLoopTripCount(i64 3, i64 3, i64 3)

]]></Node>
<StgValue><ssdm name="empty_15"/></StgValue>
</operation>

<operation id="144" st_id="9" stage="1" lat="1">
<core>AddSub</core>
<MemPortIdVec></MemPortIdVec>
<condition id="-1">
<or_exp><and_exp></and_exp></or_exp>
</condition>

<Node id="152" bw="2" op_0_bw="2" op_1_bw="2">
<![CDATA[
branch16:12  %j = add i2 %j_0, 1

]]></Node>
<StgValue><ssdm name="j"/></StgValue>
</operation>

<operation id="145" st_id="9" stage="1" lat="1">
<core>NULL</core>
<MemPortIdVec></MemPortIdVec>
<condition id="-1">
<or_exp><and_exp></and_exp></or_exp>
</condition>

<Node id="153" bw="0" op_0_bw="1" op_1_bw="0" op_2_bw="0">
<![CDATA[
branch16:13  br i1 %icmp_ln814, label %4, label %3

]]></Node>
<StgValue><ssdm name="br_ln814"/></StgValue>
</operation>

<operation id="146" st_id="9" stage="1" lat="1">
<core>NULL</core>
<MemPortIdVec></MemPortIdVec>
<condition id="-1">
<or_exp><and_exp><literal name="icmp_ln814" val="0"/>
</and_exp></or_exp>
</condition>

<Node id="155" bw="11" op_0_bw="2">
<![CDATA[
:0  %zext_ln819 = zext i2 %j_0 to i11

]]></Node>
<StgValue><ssdm name="zext_ln819"/></StgValue>
</operation>

<operation id="147" st_id="9" stage="1" lat="1">
<core>AddSub</core>
<MemPortIdVec></MemPortIdVec>
<condition id="-1">
<or_exp><and_exp><literal name="icmp_ln814" val="0"/>
</and_exp></or_exp>
</condition>

<Node id="156" bw="11" op_0_bw="11" op_1_bw="11">
<![CDATA[
:1  %add_ln819 = add i11 %sub_ln819_1, %zext_ln819

]]></Node>
<StgValue><ssdm name="add_ln819"/></StgValue>
</operation>

<operation id="148" st_id="9" stage="1" lat="1">
<core>NULL</core>
<MemPortIdVec></MemPortIdVec>
<condition id="-1">
<or_exp><and_exp><literal name="icmp_ln814" val="0"/>
</and_exp></or_exp>
</condition>

<Node id="157" bw="64" op_0_bw="11">
<![CDATA[
:2  %sext_ln819 = sext i11 %add_ln819 to i64

]]></Node>
<StgValue><ssdm name="sext_ln819"/></StgValue>
</operation>

<operation id="149" st_id="9" stage="1" lat="1">
<core>NULL</core>
<MemPortIdVec></MemPortIdVec>
<condition id="-1">
<or_exp><and_exp><literal name="icmp_ln814" val="0"/>
</and_exp></or_exp>
</condition>

<Node id="158" bw="10" op_0_bw="7" op_1_bw="64" op_2_bw="64">
<![CDATA[
:3  %hairTrain_addr = getelementptr [768 x i7]* @hairTrain, i64 0, i64 %sext_ln819

]]></Node>
<StgValue><ssdm name="hairTrain_addr"/></StgValue>
</operation>

<operation id="150" st_id="9" stage="1" lat="1">
<core>NULL</core>
<MemPortIdVec></MemPortIdVec>
<condition id="-1">
<or_exp><and_exp><literal name="icmp_ln814" val="0"/>
</and_exp></or_exp>
</condition>

<Node id="159" bw="10" op_0_bw="7" op_1_bw="64" op_2_bw="64">
<![CDATA[
:4  %rocketTrain_addr = getelementptr [768 x i7]* @rocketTrain, i64 0, i64 %sext_ln819

]]></Node>
<StgValue><ssdm name="rocketTrain_addr"/></StgValue>
</operation>

<operation id="151" st_id="9" stage="1" lat="1">
<core>NULL</core>
<MemPortIdVec></MemPortIdVec>
<condition id="-1">
<or_exp><and_exp><literal name="icmp_ln814" val="0"/>
</and_exp></or_exp>
</condition>

<Node id="160" bw="10" op_0_bw="7" op_1_bw="64" op_2_bw="64">
<![CDATA[
:5  %zigZagTrain_addr = getelementptr [768 x i7]* @zigZagTrain, i64 0, i64 %sext_ln819

]]></Node>
<StgValue><ssdm name="zigZagTrain_addr"/></StgValue>
</operation>

<operation id="152" st_id="9" stage="2" lat="2">
<core>ROM_nP</core>
<MemPortIdVec></MemPortIdVec>
<condition id="-1">
<or_exp><and_exp><literal name="icmp_ln814" val="0"/>
</and_exp></or_exp>
</condition>

<Node id="161" bw="7" op_0_bw="10">
<![CDATA[
:6  %zigZagTrain_load = load i7* %zigZagTrain_addr, align 1

]]></Node>
<StgValue><ssdm name="zigZagTrain_load"/></StgValue>
</operation>

<operation id="153" st_id="9" stage="1" lat="1">
<core>NULL</core>
<MemPortIdVec></MemPortIdVec>
<condition id="-1">
<or_exp><and_exp><literal name="icmp_ln814" val="1"/>
</and_exp></or_exp>
</condition>

<Node id="202" bw="31" op_0_bw="31" op_1_bw="32" op_2_bw="32" op_3_bw="32">
<![CDATA[
:0  %trunc_ln1 = call i31 @_ssdm_op_PartSelect.i31.i32.i32.i32(i32 %zz_0_3, i32 1, i32 31)

]]></Node>
<StgValue><ssdm name="trunc_ln1"/></StgValue>
</operation>

<operation id="154" st_id="9" stage="1" lat="1">
<core>NULL</core>
<MemPortIdVec></MemPortIdVec>
<condition id="-1">
<or_exp><and_exp><literal name="icmp_ln814" val="1"/>
</and_exp></or_exp>
</condition>

<Node id="203" bw="32" op_0_bw="31">
<![CDATA[
:1  %sext_ln822 = sext i31 %trunc_ln1 to i32

]]></Node>
<StgValue><ssdm name="sext_ln822"/></StgValue>
</operation>

<operation id="155" st_id="9" stage="1" lat="1">
<core>NULL</core>
<MemPortIdVec></MemPortIdVec>
<condition id="-1">
<or_exp><and_exp><literal name="icmp_ln814" val="1"/>
</and_exp></or_exp>
</condition>

<Node id="204" bw="31" op_0_bw="31" op_1_bw="32" op_2_bw="32" op_3_bw="32">
<![CDATA[
:2  %trunc_ln822_1 = call i31 @_ssdm_op_PartSelect.i31.i32.i32.i32(i32 %zz_1_3, i32 1, i32 31)

]]></Node>
<StgValue><ssdm name="trunc_ln822_1"/></StgValue>
</operation>

<operation id="156" st_id="9" stage="1" lat="1">
<core>NULL</core>
<MemPortIdVec></MemPortIdVec>
<condition id="-1">
<or_exp><and_exp><literal name="icmp_ln814" val="1"/>
</and_exp></or_exp>
</condition>

<Node id="205" bw="32" op_0_bw="31">
<![CDATA[
:3  %sext_ln822_1 = sext i31 %trunc_ln822_1 to i32

]]></Node>
<StgValue><ssdm name="sext_ln822_1"/></StgValue>
</operation>

<operation id="157" st_id="9" stage="1" lat="1">
<core>NULL</core>
<MemPortIdVec></MemPortIdVec>
<condition id="-1">
<or_exp><and_exp><literal name="icmp_ln814" val="1"/>
</and_exp></or_exp>
</condition>

<Node id="206" bw="31" op_0_bw="31" op_1_bw="32" op_2_bw="32" op_3_bw="32">
<![CDATA[
:4  %trunc_ln822_2 = call i31 @_ssdm_op_PartSelect.i31.i32.i32.i32(i32 %zz_2_3, i32 1, i32 31)

]]></Node>
<StgValue><ssdm name="trunc_ln822_2"/></StgValue>
</operation>

<operation id="158" st_id="9" stage="1" lat="1">
<core>NULL</core>
<MemPortIdVec></MemPortIdVec>
<condition id="-1">
<or_exp><and_exp><literal name="icmp_ln814" val="1"/>
</and_exp></or_exp>
</condition>

<Node id="207" bw="32" op_0_bw="31">
<![CDATA[
:5  %sext_ln822_2 = sext i31 %trunc_ln822_2 to i32

]]></Node>
<StgValue><ssdm name="sext_ln822_2"/></StgValue>
</operation>

<operation id="159" st_id="9" stage="1" lat="1">
<core>AddSub</core>
<MemPortIdVec></MemPortIdVec>
<condition id="-1">
<or_exp><and_exp><literal name="icmp_ln814" val="1"/>
</and_exp></or_exp>
</condition>

<Node id="208" bw="32" op_0_bw="32" op_1_bw="32">
<![CDATA[
:6  %add_ln822 = add i32 %sext_ln822_1, %sext_ln822_2

]]></Node>
<StgValue><ssdm name="add_ln822"/></StgValue>
</operation>

<operation id="160" st_id="9" stage="1" lat="1">
<core>TAddSub</core>
<MemPortIdVec></MemPortIdVec>
<condition id="-1">
<or_exp><and_exp><literal name="icmp_ln814" val="1"/>
</and_exp></or_exp>
</condition>

<Node id="209" bw="32" op_0_bw="32" op_1_bw="32">
<![CDATA[
:7  %add_ln822_1 = add i32 %add_ln822, %sext_ln822

]]></Node>
<StgValue><ssdm name="add_ln822_1"/></StgValue>
</operation>

<operation id="161" st_id="9" stage="1" lat="1">
<core>TAddSub</core>
<MemPortIdVec></MemPortIdVec>
<condition id="-1">
<or_exp><and_exp><literal name="icmp_ln814" val="1"/>
</and_exp></or_exp>
</condition>

<Node id="210" bw="32" op_0_bw="32" op_1_bw="32">
<![CDATA[
:8  %output_0 = add i32 %output_0_2, %add_ln822_1

]]></Node>
<StgValue><ssdm name="output_0"/></StgValue>
</operation>

<operation id="162" st_id="9" stage="1" lat="1">
<core>NULL</core>
<MemPortIdVec></MemPortIdVec>
<condition id="-1">
<or_exp><and_exp><literal name="icmp_ln814" val="1"/>
</and_exp></or_exp>
</condition>

<Node id="211" bw="31" op_0_bw="31" op_1_bw="32" op_2_bw="32" op_3_bw="32">
<![CDATA[
:9  %trunc_ln2 = call i31 @_ssdm_op_PartSelect.i31.i32.i32.i32(i32 %r_0_3, i32 1, i32 31)

]]></Node>
<StgValue><ssdm name="trunc_ln2"/></StgValue>
</operation>

<operation id="163" st_id="9" stage="1" lat="1">
<core>NULL</core>
<MemPortIdVec></MemPortIdVec>
<condition id="-1">
<or_exp><and_exp><literal name="icmp_ln814" val="1"/>
</and_exp></or_exp>
</condition>

<Node id="212" bw="32" op_0_bw="31">
<![CDATA[
:10  %sext_ln823 = sext i31 %trunc_ln2 to i32

]]></Node>
<StgValue><ssdm name="sext_ln823"/></StgValue>
</operation>

<operation id="164" st_id="9" stage="1" lat="1">
<core>NULL</core>
<MemPortIdVec></MemPortIdVec>
<condition id="-1">
<or_exp><and_exp><literal name="icmp_ln814" val="1"/>
</and_exp></or_exp>
</condition>

<Node id="213" bw="31" op_0_bw="31" op_1_bw="32" op_2_bw="32" op_3_bw="32">
<![CDATA[
:11  %trunc_ln823_1 = call i31 @_ssdm_op_PartSelect.i31.i32.i32.i32(i32 %r_1_3, i32 1, i32 31)

]]></Node>
<StgValue><ssdm name="trunc_ln823_1"/></StgValue>
</operation>

<operation id="165" st_id="9" stage="1" lat="1">
<core>NULL</core>
<MemPortIdVec></MemPortIdVec>
<condition id="-1">
<or_exp><and_exp><literal name="icmp_ln814" val="1"/>
</and_exp></or_exp>
</condition>

<Node id="214" bw="32" op_0_bw="31">
<![CDATA[
:12  %sext_ln823_1 = sext i31 %trunc_ln823_1 to i32

]]></Node>
<StgValue><ssdm name="sext_ln823_1"/></StgValue>
</operation>

<operation id="166" st_id="9" stage="1" lat="1">
<core>NULL</core>
<MemPortIdVec></MemPortIdVec>
<condition id="-1">
<or_exp><and_exp><literal name="icmp_ln814" val="1"/>
</and_exp></or_exp>
</condition>

<Node id="215" bw="31" op_0_bw="31" op_1_bw="32" op_2_bw="32" op_3_bw="32">
<![CDATA[
:13  %trunc_ln823_2 = call i31 @_ssdm_op_PartSelect.i31.i32.i32.i32(i32 %r_2_3, i32 1, i32 31)

]]></Node>
<StgValue><ssdm name="trunc_ln823_2"/></StgValue>
</operation>

<operation id="167" st_id="9" stage="1" lat="1">
<core>NULL</core>
<MemPortIdVec></MemPortIdVec>
<condition id="-1">
<or_exp><and_exp><literal name="icmp_ln814" val="1"/>
</and_exp></or_exp>
</condition>

<Node id="216" bw="32" op_0_bw="31">
<![CDATA[
:14  %sext_ln823_2 = sext i31 %trunc_ln823_2 to i32

]]></Node>
<StgValue><ssdm name="sext_ln823_2"/></StgValue>
</operation>

<operation id="168" st_id="9" stage="1" lat="1">
<core>AddSub</core>
<MemPortIdVec></MemPortIdVec>
<condition id="-1">
<or_exp><and_exp><literal name="icmp_ln814" val="1"/>
</and_exp></or_exp>
</condition>

<Node id="217" bw="32" op_0_bw="32" op_1_bw="32">
<![CDATA[
:15  %add_ln823 = add i32 %sext_ln823_1, %sext_ln823_2

]]></Node>
<StgValue><ssdm name="add_ln823"/></StgValue>
</operation>

<operation id="169" st_id="9" stage="1" lat="1">
<core>TAddSub</core>
<MemPortIdVec></MemPortIdVec>
<condition id="-1">
<or_exp><and_exp><literal name="icmp_ln814" val="1"/>
</and_exp></or_exp>
</condition>

<Node id="218" bw="32" op_0_bw="32" op_1_bw="32">
<![CDATA[
:16  %add_ln823_1 = add i32 %add_ln823, %sext_ln823

]]></Node>
<StgValue><ssdm name="add_ln823_1"/></StgValue>
</operation>

<operation id="170" st_id="9" stage="1" lat="1">
<core>TAddSub</core>
<MemPortIdVec></MemPortIdVec>
<condition id="-1">
<or_exp><and_exp><literal name="icmp_ln814" val="1"/>
</and_exp></or_exp>
</condition>

<Node id="219" bw="32" op_0_bw="32" op_1_bw="32">
<![CDATA[
:17  %output_1 = add i32 %output_1_2, %add_ln823_1

]]></Node>
<StgValue><ssdm name="output_1"/></StgValue>
</operation>

<operation id="171" st_id="9" stage="1" lat="1">
<core>NULL</core>
<MemPortIdVec></MemPortIdVec>
<condition id="-1">
<or_exp><and_exp><literal name="icmp_ln814" val="1"/>
</and_exp></or_exp>
</condition>

<Node id="220" bw="31" op_0_bw="31" op_1_bw="32" op_2_bw="32" op_3_bw="32">
<![CDATA[
:18  %trunc_ln3 = call i31 @_ssdm_op_PartSelect.i31.i32.i32.i32(i32 %h_0_3, i32 1, i32 31)

]]></Node>
<StgValue><ssdm name="trunc_ln3"/></StgValue>
</operation>

<operation id="172" st_id="9" stage="1" lat="1">
<core>NULL</core>
<MemPortIdVec></MemPortIdVec>
<condition id="-1">
<or_exp><and_exp><literal name="icmp_ln814" val="1"/>
</and_exp></or_exp>
</condition>

<Node id="221" bw="32" op_0_bw="31">
<![CDATA[
:19  %sext_ln824 = sext i31 %trunc_ln3 to i32

]]></Node>
<StgValue><ssdm name="sext_ln824"/></StgValue>
</operation>

<operation id="173" st_id="9" stage="1" lat="1">
<core>NULL</core>
<MemPortIdVec></MemPortIdVec>
<condition id="-1">
<or_exp><and_exp><literal name="icmp_ln814" val="1"/>
</and_exp></or_exp>
</condition>

<Node id="222" bw="31" op_0_bw="31" op_1_bw="32" op_2_bw="32" op_3_bw="32">
<![CDATA[
:20  %trunc_ln824_1 = call i31 @_ssdm_op_PartSelect.i31.i32.i32.i32(i32 %h_1_3, i32 1, i32 31)

]]></Node>
<StgValue><ssdm name="trunc_ln824_1"/></StgValue>
</operation>

<operation id="174" st_id="9" stage="1" lat="1">
<core>NULL</core>
<MemPortIdVec></MemPortIdVec>
<condition id="-1">
<or_exp><and_exp><literal name="icmp_ln814" val="1"/>
</and_exp></or_exp>
</condition>

<Node id="223" bw="32" op_0_bw="31">
<![CDATA[
:21  %sext_ln824_1 = sext i31 %trunc_ln824_1 to i32

]]></Node>
<StgValue><ssdm name="sext_ln824_1"/></StgValue>
</operation>

<operation id="175" st_id="9" stage="1" lat="1">
<core>NULL</core>
<MemPortIdVec></MemPortIdVec>
<condition id="-1">
<or_exp><and_exp><literal name="icmp_ln814" val="1"/>
</and_exp></or_exp>
</condition>

<Node id="224" bw="31" op_0_bw="31" op_1_bw="32" op_2_bw="32" op_3_bw="32">
<![CDATA[
:22  %trunc_ln824_2 = call i31 @_ssdm_op_PartSelect.i31.i32.i32.i32(i32 %h_2_3, i32 1, i32 31)

]]></Node>
<StgValue><ssdm name="trunc_ln824_2"/></StgValue>
</operation>

<operation id="176" st_id="9" stage="1" lat="1">
<core>NULL</core>
<MemPortIdVec></MemPortIdVec>
<condition id="-1">
<or_exp><and_exp><literal name="icmp_ln814" val="1"/>
</and_exp></or_exp>
</condition>

<Node id="225" bw="32" op_0_bw="31">
<![CDATA[
:23  %sext_ln824_2 = sext i31 %trunc_ln824_2 to i32

]]></Node>
<StgValue><ssdm name="sext_ln824_2"/></StgValue>
</operation>

<operation id="177" st_id="9" stage="1" lat="1">
<core>AddSub</core>
<MemPortIdVec></MemPortIdVec>
<condition id="-1">
<or_exp><and_exp><literal name="icmp_ln814" val="1"/>
</and_exp></or_exp>
</condition>

<Node id="226" bw="32" op_0_bw="32" op_1_bw="32">
<![CDATA[
:24  %add_ln824 = add i32 %sext_ln824_1, %sext_ln824_2

]]></Node>
<StgValue><ssdm name="add_ln824"/></StgValue>
</operation>

<operation id="178" st_id="9" stage="1" lat="1">
<core>TAddSub</core>
<MemPortIdVec></MemPortIdVec>
<condition id="-1">
<or_exp><and_exp><literal name="icmp_ln814" val="1"/>
</and_exp></or_exp>
</condition>

<Node id="227" bw="32" op_0_bw="32" op_1_bw="32">
<![CDATA[
:25  %add_ln824_1 = add i32 %add_ln824, %sext_ln824

]]></Node>
<StgValue><ssdm name="add_ln824_1"/></StgValue>
</operation>

<operation id="179" st_id="9" stage="1" lat="1">
<core>TAddSub</core>
<MemPortIdVec></MemPortIdVec>
<condition id="-1">
<or_exp><and_exp><literal name="icmp_ln814" val="1"/>
</and_exp></or_exp>
</condition>

<Node id="228" bw="32" op_0_bw="32" op_1_bw="32">
<![CDATA[
:26  %output_2 = add i32 %output_2_2, %add_ln824_1

]]></Node>
<StgValue><ssdm name="output_2"/></StgValue>
</operation>

<operation id="180" st_id="9" stage="1" lat="1">
<core>NULL</core>
<MemPortIdVec></MemPortIdVec>
<condition id="-1">
<or_exp><and_exp><literal name="icmp_ln814" val="1"/>
</and_exp></or_exp>
</condition>

<Node id="229" bw="0" op_0_bw="0">
<![CDATA[
:27  br label %.preheader3

]]></Node>
<StgValue><ssdm name="br_ln810"/></StgValue>
</operation>
</state>

<state id="10" st_id="10">

<operation id="181" st_id="10" stage="1" lat="2">
<core>ROM_nP</core>
<MemPortIdVec></MemPortIdVec>
<condition id="-1">
<or_exp><and_exp></and_exp></or_exp>
</condition>

<Node id="161" bw="7" op_0_bw="10">
<![CDATA[
:6  %zigZagTrain_load = load i7* %zigZagTrain_addr, align 1

]]></Node>
<StgValue><ssdm name="zigZagTrain_load"/></StgValue>
</operation>

<operation id="182" st_id="10" stage="1" lat="1">
<core>NULL</core>
<MemPortIdVec></MemPortIdVec>
<condition id="-1">
<or_exp><and_exp></and_exp></or_exp>
</condition>

<Node id="162" bw="32" op_0_bw="7">
<![CDATA[
:7  %zext_ln815_2 = zext i7 %zigZagTrain_load to i32

]]></Node>
<StgValue><ssdm name="zext_ln815_2"/></StgValue>
</operation>

<operation id="183" st_id="10" stage="1" lat="1">
<core>AddSub</core>
<MemPortIdVec></MemPortIdVec>
<condition id="-1">
<or_exp><and_exp></and_exp></or_exp>
</condition>

<Node id="163" bw="32" op_0_bw="32" op_1_bw="32">
<![CDATA[
:8  %sub_ln815 = sub nsw i32 %input_load, %zext_ln815_2

]]></Node>
<StgValue><ssdm name="sub_ln815"/></StgValue>
</operation>

<operation id="184" st_id="10" stage="1" lat="1">
<core>Mul</core>
<MemPortIdVec></MemPortIdVec>
<condition id="-1">
<or_exp><and_exp></and_exp></or_exp>
</condition>

<Node id="164" bw="32" op_0_bw="32" op_1_bw="32">
<![CDATA[
:9  %zz_0 = mul nsw i32 %sub_ln815, %sub_ln815

]]></Node>
<StgValue><ssdm name="zz_0"/></StgValue>
</operation>

<operation id="185" st_id="10" stage="1" lat="1">
<core>NULL</core>
<MemPortIdVec></MemPortIdVec>
<condition id="-1">
<or_exp><and_exp></and_exp></or_exp>
</condition>

<Node id="165" bw="0" op_0_bw="2" op_1_bw="0" op_2_bw="2" op_3_bw="0" op_4_bw="2" op_5_bw="0">
<![CDATA[
:10  switch i2 %j_0, label %branch6 [
    i2 0, label %branch4
    i2 1, label %branch5
  ]

]]></Node>
<StgValue><ssdm name="switch_ln816"/></StgValue>
</operation>

<operation id="186" st_id="10" stage="1" lat="1">
<core>NULL</core>
<MemPortIdVec></MemPortIdVec>
<condition id="-1">
<or_exp><and_exp><literal name="j_0" val="1"/>
</and_exp></or_exp>
</condition>

<Node id="167" bw="0" op_0_bw="0">
<![CDATA[
branch5:0  br label %branch4

]]></Node>
<StgValue><ssdm name="br_ln816"/></StgValue>
</operation>

<operation id="187" st_id="10" stage="1" lat="1">
<core>NULL</core>
<MemPortIdVec></MemPortIdVec>
<condition id="-1">
<or_exp><and_exp><literal name="j_0" val="!0"/>
<literal name="j_0" val="!1"/>
</and_exp></or_exp>
</condition>

<Node id="169" bw="0" op_0_bw="0">
<![CDATA[
branch6:0  br label %branch4

]]></Node>
<StgValue><ssdm name="br_ln816"/></StgValue>
</operation>

<operation id="188" st_id="10" stage="2" lat="2">
<core>ROM_nP</core>
<MemPortIdVec></MemPortIdVec>
<condition id="-1">
<or_exp><and_exp></and_exp></or_exp>
</condition>

<Node id="174" bw="7" op_0_bw="10">
<![CDATA[
branch4:3  %rocketTrain_load = load i7* %rocketTrain_addr, align 1

]]></Node>
<StgValue><ssdm name="rocketTrain_load"/></StgValue>
</operation>
</state>

<state id="11" st_id="11">

<operation id="189" st_id="11" stage="1" lat="1">
<core>NULL</core>
<MemPortIdVec></MemPortIdVec>
<condition id="-1">
<or_exp><and_exp></and_exp></or_exp>
</condition>

<Node id="171" bw="32" op_0_bw="32" op_1_bw="0" op_2_bw="32" op_3_bw="0" op_4_bw="32" op_5_bw="0">
<![CDATA[
branch4:0  %zz_2_4 = phi i32 [ %zz_0, %branch6 ], [ %zz_2_3, %branch5 ], [ %zz_2_3, %3 ]

]]></Node>
<StgValue><ssdm name="zz_2_4"/></StgValue>
</operation>

<operation id="190" st_id="11" stage="1" lat="1">
<core>NULL</core>
<MemPortIdVec></MemPortIdVec>
<condition id="-1">
<or_exp><and_exp></and_exp></or_exp>
</condition>

<Node id="172" bw="32" op_0_bw="32" op_1_bw="0" op_2_bw="32" op_3_bw="0" op_4_bw="32" op_5_bw="0">
<![CDATA[
branch4:1  %zz_1_4 = phi i32 [ %zz_1_3, %branch6 ], [ %zz_0, %branch5 ], [ %zz_1_3, %3 ]

]]></Node>
<StgValue><ssdm name="zz_1_4"/></StgValue>
</operation>

<operation id="191" st_id="11" stage="1" lat="1">
<core>NULL</core>
<MemPortIdVec></MemPortIdVec>
<condition id="-1">
<or_exp><and_exp></and_exp></or_exp>
</condition>

<Node id="173" bw="32" op_0_bw="32" op_1_bw="0" op_2_bw="32" op_3_bw="0" op_4_bw="32" op_5_bw="0">
<![CDATA[
branch4:2  %zz_0_4 = phi i32 [ %zz_0_3, %branch6 ], [ %zz_0_3, %branch5 ], [ %zz_0, %3 ]

]]></Node>
<StgValue><ssdm name="zz_0_4"/></StgValue>
</operation>

<operation id="192" st_id="11" stage="1" lat="2">
<core>ROM_nP</core>
<MemPortIdVec></MemPortIdVec>
<condition id="-1">
<or_exp><and_exp></and_exp></or_exp>
</condition>

<Node id="174" bw="7" op_0_bw="10">
<![CDATA[
branch4:3  %rocketTrain_load = load i7* %rocketTrain_addr, align 1

]]></Node>
<StgValue><ssdm name="rocketTrain_load"/></StgValue>
</operation>

<operation id="193" st_id="11" stage="1" lat="1">
<core>NULL</core>
<MemPortIdVec></MemPortIdVec>
<condition id="-1">
<or_exp><and_exp></and_exp></or_exp>
</condition>

<Node id="175" bw="32" op_0_bw="7">
<![CDATA[
branch4:4  %zext_ln817 = zext i7 %rocketTrain_load to i32

]]></Node>
<StgValue><ssdm name="zext_ln817"/></StgValue>
</operation>

<operation id="194" st_id="11" stage="1" lat="1">
<core>AddSub</core>
<MemPortIdVec></MemPortIdVec>
<condition id="-1">
<or_exp><and_exp></and_exp></or_exp>
</condition>

<Node id="176" bw="32" op_0_bw="32" op_1_bw="32">
<![CDATA[
branch4:5  %sub_ln817 = sub nsw i32 %input_load, %zext_ln817

]]></Node>
<StgValue><ssdm name="sub_ln817"/></StgValue>
</operation>

<operation id="195" st_id="11" stage="1" lat="1">
<core>Mul</core>
<MemPortIdVec></MemPortIdVec>
<condition id="-1">
<or_exp><and_exp></and_exp></or_exp>
</condition>

<Node id="177" bw="32" op_0_bw="32" op_1_bw="32">
<![CDATA[
branch4:6  %r_0 = mul nsw i32 %sub_ln817, %sub_ln817

]]></Node>
<StgValue><ssdm name="r_0"/></StgValue>
</operation>

<operation id="196" st_id="11" stage="1" lat="1">
<core>NULL</core>
<MemPortIdVec></MemPortIdVec>
<condition id="-1">
<or_exp><and_exp></and_exp></or_exp>
</condition>

<Node id="178" bw="0" op_0_bw="2" op_1_bw="0" op_2_bw="2" op_3_bw="0" op_4_bw="2" op_5_bw="0">
<![CDATA[
branch4:7  switch i2 %j_0, label %branch12 [
    i2 0, label %branch10
    i2 1, label %branch11
  ]

]]></Node>
<StgValue><ssdm name="switch_ln818"/></StgValue>
</operation>

<operation id="197" st_id="11" stage="1" lat="1">
<core>NULL</core>
<MemPortIdVec></MemPortIdVec>
<condition id="-1">
<or_exp><and_exp><literal name="j_0" val="1"/>
</and_exp></or_exp>
</condition>

<Node id="180" bw="0" op_0_bw="0">
<![CDATA[
branch11:0  br label %branch10

]]></Node>
<StgValue><ssdm name="br_ln818"/></StgValue>
</operation>

<operation id="198" st_id="11" stage="1" lat="1">
<core>NULL</core>
<MemPortIdVec></MemPortIdVec>
<condition id="-1">
<or_exp><and_exp><literal name="j_0" val="!0"/>
<literal name="j_0" val="!1"/>
</and_exp></or_exp>
</condition>

<Node id="182" bw="0" op_0_bw="0">
<![CDATA[
branch12:0  br label %branch10

]]></Node>
<StgValue><ssdm name="br_ln818"/></StgValue>
</operation>

<operation id="199" st_id="11" stage="2" lat="2">
<core>ROM_nP</core>
<MemPortIdVec></MemPortIdVec>
<condition id="-1">
<or_exp><and_exp></and_exp></or_exp>
</condition>

<Node id="187" bw="7" op_0_bw="10">
<![CDATA[
branch10:3  %hairTrain_load = load i7* %hairTrain_addr, align 1

]]></Node>
<StgValue><ssdm name="hairTrain_load"/></StgValue>
</operation>
</state>

<state id="12" st_id="12">

<operation id="200" st_id="12" stage="1" lat="1">
<core>NULL</core>
<MemPortIdVec></MemPortIdVec>
<condition id="-1">
<or_exp><and_exp></and_exp></or_exp>
</condition>

<Node id="184" bw="32" op_0_bw="32" op_1_bw="0" op_2_bw="32" op_3_bw="0" op_4_bw="32" op_5_bw="0">
<![CDATA[
branch10:0  %r_2_4 = phi i32 [ %r_0, %branch12 ], [ %r_2_3, %branch11 ], [ %r_2_3, %branch4 ]

]]></Node>
<StgValue><ssdm name="r_2_4"/></StgValue>
</operation>

<operation id="201" st_id="12" stage="1" lat="1">
<core>NULL</core>
<MemPortIdVec></MemPortIdVec>
<condition id="-1">
<or_exp><and_exp></and_exp></or_exp>
</condition>

<Node id="185" bw="32" op_0_bw="32" op_1_bw="0" op_2_bw="32" op_3_bw="0" op_4_bw="32" op_5_bw="0">
<![CDATA[
branch10:1  %r_1_4 = phi i32 [ %r_1_3, %branch12 ], [ %r_0, %branch11 ], [ %r_1_3, %branch4 ]

]]></Node>
<StgValue><ssdm name="r_1_4"/></StgValue>
</operation>

<operation id="202" st_id="12" stage="1" lat="1">
<core>NULL</core>
<MemPortIdVec></MemPortIdVec>
<condition id="-1">
<or_exp><and_exp></and_exp></or_exp>
</condition>

<Node id="186" bw="32" op_0_bw="32" op_1_bw="0" op_2_bw="32" op_3_bw="0" op_4_bw="32" op_5_bw="0">
<![CDATA[
branch10:2  %r_0_4 = phi i32 [ %r_0_3, %branch12 ], [ %r_0_3, %branch11 ], [ %r_0, %branch4 ]

]]></Node>
<StgValue><ssdm name="r_0_4"/></StgValue>
</operation>

<operation id="203" st_id="12" stage="1" lat="2">
<core>ROM_nP</core>
<MemPortIdVec></MemPortIdVec>
<condition id="-1">
<or_exp><and_exp></and_exp></or_exp>
</condition>

<Node id="187" bw="7" op_0_bw="10">
<![CDATA[
branch10:3  %hairTrain_load = load i7* %hairTrain_addr, align 1

]]></Node>
<StgValue><ssdm name="hairTrain_load"/></StgValue>
</operation>

<operation id="204" st_id="12" stage="1" lat="1">
<core>NULL</core>
<MemPortIdVec></MemPortIdVec>
<condition id="-1">
<or_exp><and_exp></and_exp></or_exp>
</condition>

<Node id="188" bw="32" op_0_bw="7">
<![CDATA[
branch10:4  %zext_ln819_1 = zext i7 %hairTrain_load to i32

]]></Node>
<StgValue><ssdm name="zext_ln819_1"/></StgValue>
</operation>

<operation id="205" st_id="12" stage="1" lat="1">
<core>AddSub</core>
<MemPortIdVec></MemPortIdVec>
<condition id="-1">
<or_exp><and_exp></and_exp></or_exp>
</condition>

<Node id="189" bw="32" op_0_bw="32" op_1_bw="32">
<![CDATA[
branch10:5  %sub_ln819 = sub nsw i32 %input_load, %zext_ln819_1

]]></Node>
<StgValue><ssdm name="sub_ln819"/></StgValue>
</operation>

<operation id="206" st_id="12" stage="1" lat="1">
<core>Mul</core>
<MemPortIdVec></MemPortIdVec>
<condition id="-1">
<or_exp><and_exp></and_exp></or_exp>
</condition>

<Node id="190" bw="32" op_0_bw="32" op_1_bw="32">
<![CDATA[
branch10:6  %h_0 = mul nsw i32 %zz_0, %sub_ln819

]]></Node>
<StgValue><ssdm name="h_0"/></StgValue>
</operation>

<operation id="207" st_id="12" stage="1" lat="1">
<core>NULL</core>
<MemPortIdVec></MemPortIdVec>
<condition id="-1">
<or_exp><and_exp></and_exp></or_exp>
</condition>

<Node id="191" bw="0" op_0_bw="2" op_1_bw="0" op_2_bw="2" op_3_bw="0" op_4_bw="2" op_5_bw="0">
<![CDATA[
branch10:7  switch i2 %j_0, label %branch18 [
    i2 0, label %branch16.backedge
    i2 1, label %branch17
  ]

]]></Node>
<StgValue><ssdm name="switch_ln820"/></StgValue>
</operation>

<operation id="208" st_id="12" stage="1" lat="1">
<core>NULL</core>
<MemPortIdVec></MemPortIdVec>
<condition id="-1">
<or_exp><and_exp><literal name="j_0" val="1"/>
</and_exp></or_exp>
</condition>

<Node id="193" bw="0" op_0_bw="0">
<![CDATA[
branch17:0  br label %branch16.backedge

]]></Node>
<StgValue><ssdm name="br_ln820"/></StgValue>
</operation>

<operation id="209" st_id="12" stage="1" lat="1">
<core>NULL</core>
<MemPortIdVec></MemPortIdVec>
<condition id="-1">
<or_exp><and_exp><literal name="j_0" val="!0"/>
<literal name="j_0" val="!1"/>
</and_exp></or_exp>
</condition>

<Node id="195" bw="0" op_0_bw="0">
<![CDATA[
branch18:0  br label %branch16.backedge

]]></Node>
<StgValue><ssdm name="br_ln820"/></StgValue>
</operation>

<operation id="210" st_id="12" stage="1" lat="1">
<core>NULL</core>
<MemPortIdVec></MemPortIdVec>
<condition id="-1">
<or_exp><and_exp></and_exp></or_exp>
</condition>

<Node id="197" bw="32" op_0_bw="32" op_1_bw="0" op_2_bw="32" op_3_bw="0" op_4_bw="32" op_5_bw="0">
<![CDATA[
branch16.backedge:0  %h_2_3_be = phi i32 [ %h_0, %branch18 ], [ %h_2_3, %branch17 ], [ %h_2_3, %branch10 ]

]]></Node>
<StgValue><ssdm name="h_2_3_be"/></StgValue>
</operation>

<operation id="211" st_id="12" stage="1" lat="1">
<core>NULL</core>
<MemPortIdVec></MemPortIdVec>
<condition id="-1">
<or_exp><and_exp></and_exp></or_exp>
</condition>

<Node id="198" bw="32" op_0_bw="32" op_1_bw="0" op_2_bw="32" op_3_bw="0" op_4_bw="32" op_5_bw="0">
<![CDATA[
branch16.backedge:1  %h_1_3_be = phi i32 [ %h_1_3, %branch18 ], [ %h_0, %branch17 ], [ %h_1_3, %branch10 ]

]]></Node>
<StgValue><ssdm name="h_1_3_be"/></StgValue>
</operation>

<operation id="212" st_id="12" stage="1" lat="1">
<core>NULL</core>
<MemPortIdVec></MemPortIdVec>
<condition id="-1">
<or_exp><and_exp></and_exp></or_exp>
</condition>

<Node id="199" bw="32" op_0_bw="32" op_1_bw="0" op_2_bw="32" op_3_bw="0" op_4_bw="32" op_5_bw="0">
<![CDATA[
branch16.backedge:2  %h_0_3_be = phi i32 [ %h_0_3, %branch18 ], [ %h_0_3, %branch17 ], [ %h_0, %branch10 ]

]]></Node>
<StgValue><ssdm name="h_0_3_be"/></StgValue>
</operation>

<operation id="213" st_id="12" stage="1" lat="1">
<core>NULL</core>
<MemPortIdVec></MemPortIdVec>
<condition id="-1">
<or_exp><and_exp></and_exp></or_exp>
</condition>

<Node id="200" bw="0" op_0_bw="0">
<![CDATA[
branch16.backedge:3  br label %branch16

]]></Node>
<StgValue><ssdm name="br_ln0"/></StgValue>
</operation>
</state>

<state id="13" st_id="13">

<operation id="214" st_id="13" stage="1" lat="1">
<core>NULL</core>
<MemPortIdVec></MemPortIdVec>
<condition id="-1">
<or_exp><and_exp></and_exp></or_exp>
</condition>

<Node id="233" bw="3" op_0_bw="3" op_1_bw="0" op_2_bw="3" op_3_bw="0">
<![CDATA[
.preheader:0  %word_cnt_1 = phi i3 [ %word_cnt_2, %5 ], [ 0, %.preheader.preheader ]

]]></Node>
<StgValue><ssdm name="word_cnt_1"/></StgValue>
</operation>

<operation id="215" st_id="13" stage="1" lat="1">
<core>Cmp</core>
<MemPortIdVec></MemPortIdVec>
<condition id="-1">
<or_exp><and_exp></and_exp></or_exp>
</condition>

<Node id="234" bw="1" op_0_bw="3" op_1_bw="3">
<![CDATA[
.preheader:1  %icmp_ln828 = icmp eq i3 %word_cnt_1, -4

]]></Node>
<StgValue><ssdm name="icmp_ln828"/></StgValue>
</operation>

<operation id="216" st_id="13" stage="1" lat="1">
<core>NULL</core>
<MemPortIdVec></MemPortIdVec>
<condition id="-1">
<or_exp><and_exp></and_exp></or_exp>
</condition>

<Node id="235" bw="32" op_0_bw="32" op_1_bw="64" op_2_bw="64" op_3_bw="64">
<![CDATA[
.preheader:2  %empty_16 = call i32 (...)* @_ssdm_op_SpecLoopTripCount(i64 4, i64 4, i64 4)

]]></Node>
<StgValue><ssdm name="empty_16"/></StgValue>
</operation>

<operation id="217" st_id="13" stage="1" lat="1">
<core>AddSub</core>
<MemPortIdVec></MemPortIdVec>
<condition id="-1">
<or_exp><and_exp></and_exp></or_exp>
</condition>

<Node id="236" bw="3" op_0_bw="3" op_1_bw="3">
<![CDATA[
.preheader:3  %word_cnt_2 = add i3 %word_cnt_1, 1

]]></Node>
<StgValue><ssdm name="word_cnt_2"/></StgValue>
</operation>

<operation id="218" st_id="13" stage="1" lat="1">
<core>NULL</core>
<MemPortIdVec></MemPortIdVec>
<condition id="-1">
<or_exp><and_exp></and_exp></or_exp>
</condition>

<Node id="237" bw="0" op_0_bw="1" op_1_bw="0" op_2_bw="0">
<![CDATA[
.preheader:4  br i1 %icmp_ln828, label %6, label %5

]]></Node>
<StgValue><ssdm name="br_ln828"/></StgValue>
</operation>

<operation id="219" st_id="13" stage="1" lat="1">
<core>NULL</core>
<MemPortIdVec></MemPortIdVec>
<condition id="-1">
<or_exp><and_exp><literal name="icmp_ln828" val="0"/>
</and_exp></or_exp>
</condition>

<Node id="239" bw="2" op_0_bw="3">
<![CDATA[
:0  %trunc_ln830 = trunc i3 %word_cnt_1 to i2

]]></Node>
<StgValue><ssdm name="trunc_ln830"/></StgValue>
</operation>

<operation id="220" st_id="13" stage="1" lat="1">
<core>MuxnS</core>
<MemPortIdVec></MemPortIdVec>
<condition id="-1">
<or_exp><and_exp><literal name="icmp_ln828" val="0"/>
</and_exp></or_exp>
</condition>

<Node id="240" bw="32" op_0_bw="32" op_1_bw="32" op_2_bw="32" op_3_bw="32" op_4_bw="32" op_5_bw="2">
<![CDATA[
:1  %write_output_data = call i32 @_ssdm_op_Mux.ap_auto.4i32.i2(i32 %output_0_2, i32 %output_1_2, i32 %output_2_2, i32 0, i2 %trunc_ln830)

]]></Node>
<StgValue><ssdm name="write_output_data"/></StgValue>
</operation>

<operation id="221" st_id="13" stage="1" lat="1">
<core>Cmp</core>
<MemPortIdVec></MemPortIdVec>
<condition id="-1">
<or_exp><and_exp><literal name="icmp_ln828" val="0"/>
</and_exp></or_exp>
</condition>

<Node id="241" bw="1" op_0_bw="3" op_1_bw="3">
<![CDATA[
:2  %tmp_last = icmp eq i3 %word_cnt_1, 3

]]></Node>
<StgValue><ssdm name="tmp_last"/></StgValue>
</operation>

<operation id="222" st_id="13" stage="2" lat="2">
<core>AXI4Stream</core>
<MemPortIdVec></MemPortIdVec>
<condition id="-1">
<or_exp><and_exp><literal name="icmp_ln828" val="0"/>
</and_exp></or_exp>
</condition>

<Node id="242" bw="0" op_0_bw="0" op_1_bw="32" op_2_bw="1" op_3_bw="32" op_4_bw="1">
<![CDATA[
:3  call void @_ssdm_op_Write.axis.volatile.i32P.i1P(i32* %M_AXIS_V_data, i1* %M_AXIS_V_last, i32 %write_output_data, i1 %tmp_last)

]]></Node>
<StgValue><ssdm name="write_ln839"/></StgValue>
</operation>

<operation id="223" st_id="13" stage="1" lat="1">
<core>NULL</core>
<MemPortIdVec></MemPortIdVec>
<condition id="-1">
<or_exp><and_exp><literal name="icmp_ln828" val="1"/>
</and_exp></or_exp>
</condition>

<Node id="245" bw="0">
<![CDATA[
:0  ret void

]]></Node>
<StgValue><ssdm name="ret_ln842"/></StgValue>
</operation>
</state>

<state id="14" st_id="14">

<operation id="224" st_id="14" stage="1" lat="2">
<core>AXI4Stream</core>
<MemPortIdVec></MemPortIdVec>
<condition id="-1">
<or_exp><and_exp></and_exp></or_exp>
</condition>

<Node id="242" bw="0" op_0_bw="0" op_1_bw="32" op_2_bw="1" op_3_bw="32" op_4_bw="1">
<![CDATA[
:3  call void @_ssdm_op_Write.axis.volatile.i32P.i1P(i32* %M_AXIS_V_data, i1* %M_AXIS_V_last, i32 %write_output_data, i1 %tmp_last)

]]></Node>
<StgValue><ssdm name="write_ln839"/></StgValue>
</operation>

<operation id="225" st_id="14" stage="1" lat="1">
<core>NULL</core>
<MemPortIdVec></MemPortIdVec>
<condition id="-1">
<or_exp><and_exp></and_exp></or_exp>
</condition>

<Node id="243" bw="0" op_0_bw="0">
<![CDATA[
:4  br label %.preheader

]]></Node>
<StgValue><ssdm name="br_ln828"/></StgValue>
</operation>
</state>
</state_list>


<ports>
</ports>


<dataflows>
</dataflows>


</stg>
