<annotationInfo>
<annotationInfo>
<item  id="19" filename="naiveKNN/knn.cpp" linenumber="799" name="input" contextFuncName="knnHLS" moduleName="knnHLS" rtlName="input_U" latency="0" BRAM="-1" DSP="-1" FF="-1" LUT="-1" fileDirectory="G:\CG4002\Vivado"><\/item>
<item  id="29" filename="naiveKNN/knn.cpp" linenumber="800" name="add_ln800" contextFuncName="knnHLS" moduleName="knnHLS" rtlName="add_ln800_fu_753_p2" latency="0" BRAM="-1" DSP="-1" FF="0" LUT="9" fileDirectory="G:\CG4002\Vivado"><\/item>
<item  id="30" filename="naiveKNN/knn.cpp" linenumber="800" name="icmp_ln800_1" contextFuncName="knnHLS" moduleName="knnHLS" rtlName="icmp_ln800_1_fu_759_p2" latency="0" BRAM="-1" DSP="-1" FF="0" LUT="9" fileDirectory="G:\CG4002\Vivado"><\/item>
<item  id="31" filename="naiveKNN/knn.cpp" linenumber="800" name="select_ln800" contextFuncName="knnHLS" moduleName="knnHLS" rtlName="select_ln800_fu_765_p3" latency="0" BRAM="-1" DSP="-1" FF="0" LUT="32" fileDirectory="G:\CG4002\Vivado"><\/item>
<item  id="32" filename="naiveKNN/knn.cpp" linenumber="800" name="icmp_ln800_2" contextFuncName="knnHLS" moduleName="knnHLS" rtlName="icmp_ln800_2_fu_773_p2" latency="0" BRAM="-1" DSP="-1" FF="0" LUT="8" fileDirectory="G:\CG4002\Vivado"><\/item>
<item  id="33" filename="naiveKNN/knn.cpp" linenumber="800" name="select_ln800_1" contextFuncName="knnHLS" moduleName="knnHLS" rtlName="select_ln800_1_fu_779_p3" latency="0" BRAM="-1" DSP="-1" FF="0" LUT="32" fileDirectory="G:\CG4002\Vivado"><\/item>
<item  id="34" filename="naiveKNN/knn.cpp" linenumber="800" name="icmp_ln800_3" contextFuncName="knnHLS" moduleName="knnHLS" rtlName="icmp_ln800_3_fu_787_p2" latency="0" BRAM="-1" DSP="-1" FF="0" LUT="8" fileDirectory="G:\CG4002\Vivado"><\/item>
<item  id="35" filename="naiveKNN/knn.cpp" linenumber="800" name="select_ln800_2" contextFuncName="knnHLS" moduleName="knnHLS" rtlName="select_ln800_2_fu_793_p3" latency="0" BRAM="-1" DSP="-1" FF="0" LUT="32" fileDirectory="G:\CG4002\Vivado"><\/item>
<item  id="36" filename="naiveKNN/knn.cpp" linenumber="800" name="select_ln800_3" contextFuncName="knnHLS" moduleName="knnHLS" rtlName="select_ln800_3_fu_801_p3" latency="0" BRAM="-1" DSP="-1" FF="0" LUT="32" fileDirectory="G:\CG4002\Vivado"><\/item>
<item  id="37" filename="naiveKNN/knn.cpp" linenumber="800" name="select_ln800_4" contextFuncName="knnHLS" moduleName="knnHLS" rtlName="select_ln800_4_fu_809_p3" latency="0" BRAM="-1" DSP="-1" FF="0" LUT="32" fileDirectory="G:\CG4002\Vivado"><\/item>
<item  id="38" filename="naiveKNN/knn.cpp" linenumber="800" name="select_ln800_5" contextFuncName="knnHLS" moduleName="knnHLS" rtlName="select_ln800_5_fu_817_p3" latency="0" BRAM="-1" DSP="-1" FF="0" LUT="32" fileDirectory="G:\CG4002\Vivado"><\/item>
<item  id="39" filename="naiveKNN/knn.cpp" linenumber="800" name="icmp_ln800" contextFuncName="knnHLS" moduleName="knnHLS" rtlName="icmp_ln800_fu_825_p2" latency="0" BRAM="-1" DSP="-1" FF="0" LUT="8" fileDirectory="G:\CG4002\Vivado"><\/item>
<item  id="50" filename="naiveKNN/knn.cpp" linenumber="804" name="icmp_ln804" contextFuncName="knnHLS" moduleName="knnHLS" rtlName="icmp_ln804_fu_846_p2" latency="0" BRAM="-1" DSP="-1" FF="0" LUT="13" fileDirectory="G:\CG4002\Vivado"><\/item>
<item  id="52" filename="naiveKNN/knn.cpp" linenumber="804" name="word_cnt" contextFuncName="knnHLS" moduleName="knnHLS" rtlName="word_cnt_fu_852_p2" latency="0" BRAM="-1" DSP="-1" FF="0" LUT="17" fileDirectory="G:\CG4002\Vivado"><\/item>
<item  id="57" filename="naiveKNN/knn.cpp" linenumber="806" name="zext_ln806" contextFuncName="knnHLS" moduleName="knnHLS" rtlName="zext_ln806_fu_863_p1" latency="0" BRAM="-1" DSP="-1" FF="-1" LUT="-1" fileDirectory="G:\CG4002\Vivado"><\/item>
<item  id="77" filename="naiveKNN/knn.cpp" linenumber="810" name="zext_ln810" contextFuncName="knnHLS" moduleName="knnHLS" rtlName="zext_ln810_fu_868_p1" latency="0" BRAM="-1" DSP="-1" FF="-1" LUT="-1" fileDirectory="G:\CG4002\Vivado"><\/item>
<item  id="78" filename="naiveKNN/knn.cpp" linenumber="810" name="icmp_ln810" contextFuncName="knnHLS" moduleName="knnHLS" rtlName="icmp_ln810_fu_872_p2" latency="0" BRAM="-1" DSP="-1" FF="0" LUT="13" fileDirectory="G:\CG4002\Vivado"><\/item>
<item  id="80" filename="naiveKNN/knn.cpp" linenumber="810" name="i" contextFuncName="knnHLS" moduleName="knnHLS" rtlName="i_fu_878_p2" latency="0" BRAM="-1" DSP="-1" FF="0" LUT="16" fileDirectory="G:\CG4002\Vivado"><\/item>
<item  id="89" filename="naiveKNN/knn.cpp" linenumber="811" name="add_ln811" contextFuncName="knnHLS" moduleName="knnHLS" rtlName="add_ln811_fu_884_p2" latency="0" BRAM="-1" DSP="-1" FF="0" LUT="9" fileDirectory="G:\CG4002\Vivado"><\/item>
<item  id="90" filename="naiveKNN/knn.cpp" linenumber="816" name="zz_0_2" contextFuncName="knnHLS" moduleName="knnHLS" rtlName="knnHLS_mux_42_32_bkb_U1" latency="0" BRAM="-1" DSP="-1" FF="-1" LUT="-1" fileDirectory="G:\CG4002\Vivado"><\/item>
<item  id="91" filename="naiveKNN/knn.cpp" linenumber="816" name="zz_1_2" contextFuncName="knnHLS" moduleName="knnHLS" rtlName="knnHLS_mux_42_32_bkb_U2" latency="0" BRAM="-1" DSP="-1" FF="-1" LUT="-1" fileDirectory="G:\CG4002\Vivado"><\/item>
<item  id="92" filename="naiveKNN/knn.cpp" linenumber="816" name="zz_2_2" contextFuncName="knnHLS" moduleName="knnHLS" rtlName="knnHLS_mux_42_32_bkb_U3" latency="0" BRAM="-1" DSP="-1" FF="-1" LUT="-1" fileDirectory="G:\CG4002\Vivado"><\/item>
<item  id="93" filename="naiveKNN/knn.cpp" linenumber="811" name="icmp_ln811" contextFuncName="knnHLS" moduleName="knnHLS" rtlName="icmp_ln811_fu_932_p2" latency="0" BRAM="-1" DSP="-1" FF="0" LUT="9" fileDirectory="G:\CG4002\Vivado"><\/item>
<item  id="104" filename="naiveKNN/knn.cpp" linenumber="812" name="add_ln812" contextFuncName="knnHLS" moduleName="knnHLS" rtlName="add_ln812_fu_938_p2" latency="0" BRAM="-1" DSP="-1" FF="0" LUT="9" fileDirectory="G:\CG4002\Vivado"><\/item>
<item  id="105" filename="naiveKNN/knn.cpp" linenumber="818" name="r_0_2" contextFuncName="knnHLS" moduleName="knnHLS" rtlName="knnHLS_mux_42_32_bkb_U4" latency="0" BRAM="-1" DSP="-1" FF="-1" LUT="-1" fileDirectory="G:\CG4002\Vivado"><\/item>
<item  id="106" filename="naiveKNN/knn.cpp" linenumber="818" name="r_1_2" contextFuncName="knnHLS" moduleName="knnHLS" rtlName="knnHLS_mux_42_32_bkb_U5" latency="0" BRAM="-1" DSP="-1" FF="-1" LUT="-1" fileDirectory="G:\CG4002\Vivado"><\/item>
<item  id="107" filename="naiveKNN/knn.cpp" linenumber="818" name="r_2_2" contextFuncName="knnHLS" moduleName="knnHLS" rtlName="knnHLS_mux_42_32_bkb_U6" latency="0" BRAM="-1" DSP="-1" FF="-1" LUT="-1" fileDirectory="G:\CG4002\Vivado"><\/item>
<item  id="108" filename="naiveKNN/knn.cpp" linenumber="812" name="icmp_ln812" contextFuncName="knnHLS" moduleName="knnHLS" rtlName="icmp_ln812_fu_986_p2" latency="0" BRAM="-1" DSP="-1" FF="0" LUT="9" fileDirectory="G:\CG4002\Vivado"><\/item>
<item  id="119" filename="naiveKNN/knn.cpp" linenumber="813" name="add_ln813" contextFuncName="knnHLS" moduleName="knnHLS" rtlName="add_ln813_fu_992_p2" latency="0" BRAM="-1" DSP="-1" FF="0" LUT="9" fileDirectory="G:\CG4002\Vivado"><\/item>
<item  id="120" filename="naiveKNN/knn.cpp" linenumber="820" name="h_0_2" contextFuncName="knnHLS" moduleName="knnHLS" rtlName="knnHLS_mux_42_32_bkb_U7" latency="0" BRAM="-1" DSP="-1" FF="-1" LUT="-1" fileDirectory="G:\CG4002\Vivado"><\/item>
<item  id="121" filename="naiveKNN/knn.cpp" linenumber="820" name="h_1_2" contextFuncName="knnHLS" moduleName="knnHLS" rtlName="knnHLS_mux_42_32_bkb_U8" latency="0" BRAM="-1" DSP="-1" FF="-1" LUT="-1" fileDirectory="G:\CG4002\Vivado"><\/item>
<item  id="122" filename="naiveKNN/knn.cpp" linenumber="820" name="h_2_2" contextFuncName="knnHLS" moduleName="knnHLS" rtlName="knnHLS_mux_42_32_bkb_U9" latency="0" BRAM="-1" DSP="-1" FF="-1" LUT="-1" fileDirectory="G:\CG4002\Vivado"><\/item>
<item  id="123" filename="naiveKNN/knn.cpp" linenumber="813" name="icmp_ln813" contextFuncName="knnHLS" moduleName="knnHLS" rtlName="icmp_ln813_fu_1040_p2" latency="0" BRAM="-1" DSP="-1" FF="0" LUT="9" fileDirectory="G:\CG4002\Vivado"><\/item>
<item  id="128" filename="naiveKNN/knn.cpp" linenumber="815" name="trunc_ln815" contextFuncName="knnHLS" moduleName="knnHLS" rtlName="trunc_ln815_fu_1046_p1" latency="0" BRAM="-1" DSP="-1" FF="-1" LUT="-1" fileDirectory="G:\CG4002\Vivado"><\/item>
<item  id="129" filename="naiveKNN/knn.cpp" linenumber="815" name="shl_ln" contextFuncName="knnHLS" moduleName="knnHLS" rtlName="shl_ln_fu_1050_p3" latency="0" BRAM="-1" DSP="-1" FF="-1" LUT="-1" fileDirectory="G:\CG4002\Vivado"><\/item>
<item  id="130" filename="naiveKNN/knn.cpp" linenumber="815" name="zext_ln815_1" contextFuncName="knnHLS" moduleName="knnHLS" rtlName="zext_ln815_1_fu_1058_p1" latency="0" BRAM="-1" DSP="-1" FF="-1" LUT="-1" fileDirectory="G:\CG4002\Vivado"><\/item>
<item  id="131" filename="naiveKNN/knn.cpp" linenumber="815" name="sub_ln815_1" contextFuncName="knnHLS" moduleName="knnHLS" rtlName="sub_ln815_1_fu_1062_p2" latency="0" BRAM="-1" DSP="-1" FF="0" LUT="18" fileDirectory="G:\CG4002\Vivado"><\/item>
<item  id="132" filename="naiveKNN/knn.cpp" linenumber="815" name="sext_ln815" contextFuncName="knnHLS" moduleName="knnHLS" rtlName="sext_ln815_fu_1067_p1" latency="0" BRAM="-1" DSP="-1" FF="-1" LUT="-1" fileDirectory="G:\CG4002\Vivado"><\/item>
<item  id="133" filename="naiveKNN/knn.cpp" linenumber="815" name="zext_ln815" contextFuncName="knnHLS" moduleName="knnHLS" rtlName="zext_ln815_fu_1071_p1" latency="0" BRAM="-1" DSP="-1" FF="-1" LUT="-1" fileDirectory="G:\CG4002\Vivado"><\/item>
<item  id="136" filename="naiveKNN/knn.cpp" linenumber="819" name="tmp_1" contextFuncName="knnHLS" moduleName="knnHLS" rtlName="tmp_1_fu_1076_p3" latency="0" BRAM="-1" DSP="-1" FF="-1" LUT="-1" fileDirectory="G:\CG4002\Vivado"><\/item>
<item  id="137" filename="naiveKNN/knn.cpp" linenumber="819" name="sub_ln819_1" contextFuncName="knnHLS" moduleName="knnHLS" rtlName="sub_ln819_1_fu_1084_p2" latency="0" BRAM="-1" DSP="-1" FF="0" LUT="18" fileDirectory="G:\CG4002\Vivado"><\/item>
<item  id="150" filename="naiveKNN/knn.cpp" linenumber="814" name="icmp_ln814" contextFuncName="knnHLS" moduleName="knnHLS" rtlName="icmp_ln814_fu_1089_p2" latency="0" BRAM="-1" DSP="-1" FF="0" LUT="8" fileDirectory="G:\CG4002\Vivado"><\/item>
<item  id="152" filename="naiveKNN/knn.cpp" linenumber="814" name="j" contextFuncName="knnHLS" moduleName="knnHLS" rtlName="j_fu_1095_p2" latency="0" BRAM="-1" DSP="-1" FF="0" LUT="9" fileDirectory="G:\CG4002\Vivado"><\/item>
<item  id="155" filename="naiveKNN/knn.cpp" linenumber="819" name="zext_ln819" contextFuncName="knnHLS" moduleName="knnHLS" rtlName="zext_ln819_fu_1101_p1" latency="0" BRAM="-1" DSP="-1" FF="-1" LUT="-1" fileDirectory="G:\CG4002\Vivado"><\/item>
<item  id="156" filename="naiveKNN/knn.cpp" linenumber="819" name="add_ln819" contextFuncName="knnHLS" moduleName="knnHLS" rtlName="add_ln819_fu_1105_p2" latency="0" BRAM="-1" DSP="-1" FF="0" LUT="18" fileDirectory="G:\CG4002\Vivado"><\/item>
<item  id="157" filename="naiveKNN/knn.cpp" linenumber="819" name="sext_ln819" contextFuncName="knnHLS" moduleName="knnHLS" rtlName="sext_ln819_fu_1110_p1" latency="0" BRAM="-1" DSP="-1" FF="-1" LUT="-1" fileDirectory="G:\CG4002\Vivado"><\/item>
<item  id="162" filename="naiveKNN/knn.cpp" linenumber="815" name="zext_ln815_2" contextFuncName="knnHLS" moduleName="knnHLS" rtlName="zext_ln815_2_fu_1297_p1" latency="0" BRAM="-1" DSP="-1" FF="-1" LUT="-1" fileDirectory="G:\CG4002\Vivado"><\/item>
<item  id="163" filename="naiveKNN/knn.cpp" linenumber="815" name="sub_ln815" contextFuncName="knnHLS" moduleName="knnHLS" rtlName="sub_ln815_fu_1301_p2" latency="0" BRAM="-1" DSP="-1" FF="0" LUT="39" fileDirectory="G:\CG4002\Vivado"><\/item>
<item  id="164" filename="naiveKNN/knn.cpp" linenumber="816" name="zz_0" contextFuncName="knnHLS" moduleName="knnHLS" rtlName="zz_0_fu_1306_p2" latency="0" BRAM="-1" DSP="3" FF="0" LUT="20" fileDirectory="G:\CG4002\Vivado"><\/item>
<item  id="175" filename="naiveKNN/knn.cpp" linenumber="817" name="zext_ln817" contextFuncName="knnHLS" moduleName="knnHLS" rtlName="zext_ln817_fu_1312_p1" latency="0" BRAM="-1" DSP="-1" FF="-1" LUT="-1" fileDirectory="G:\CG4002\Vivado"><\/item>
<item  id="176" filename="naiveKNN/knn.cpp" linenumber="817" name="sub_ln817" contextFuncName="knnHLS" moduleName="knnHLS" rtlName="sub_ln817_fu_1316_p2" latency="0" BRAM="-1" DSP="-1" FF="0" LUT="39" fileDirectory="G:\CG4002\Vivado"><\/item>
<item  id="177" filename="naiveKNN/knn.cpp" linenumber="818" name="r_0" contextFuncName="knnHLS" moduleName="knnHLS" rtlName="r_0_fu_1321_p2" latency="0" BRAM="-1" DSP="3" FF="0" LUT="20" fileDirectory="G:\CG4002\Vivado"><\/item>
<item  id="188" filename="naiveKNN/knn.cpp" linenumber="819" name="zext_ln819_1" contextFuncName="knnHLS" moduleName="knnHLS" rtlName="zext_ln819_1_fu_1327_p1" latency="0" BRAM="-1" DSP="-1" FF="-1" LUT="-1" fileDirectory="G:\CG4002\Vivado"><\/item>
<item  id="189" filename="naiveKNN/knn.cpp" linenumber="819" name="sub_ln819" contextFuncName="knnHLS" moduleName="knnHLS" rtlName="sub_ln819_fu_1331_p2" latency="0" BRAM="-1" DSP="-1" FF="0" LUT="39" fileDirectory="G:\CG4002\Vivado"><\/item>
<item  id="190" filename="naiveKNN/knn.cpp" linenumber="820" name="h_0" contextFuncName="knnHLS" moduleName="knnHLS" rtlName="h_0_fu_1336_p2" latency="0" BRAM="-1" DSP="3" FF="0" LUT="20" fileDirectory="G:\CG4002\Vivado"><\/item>
<item  id="202" filename="naiveKNN/knn.cpp" linenumber="822" name="trunc_ln1" contextFuncName="knnHLS" moduleName="knnHLS" rtlName="trunc_ln1_fu_1117_p4" latency="0" BRAM="-1" DSP="-1" FF="-1" LUT="-1" fileDirectory="G:\CG4002\Vivado"><\/item>
<item  id="203" filename="naiveKNN/knn.cpp" linenumber="822" name="sext_ln822" contextFuncName="knnHLS" moduleName="knnHLS" rtlName="sext_ln822_fu_1127_p1" latency="0" BRAM="-1" DSP="-1" FF="-1" LUT="-1" fileDirectory="G:\CG4002\Vivado"><\/item>
<item  id="204" filename="naiveKNN/knn.cpp" linenumber="822" name="trunc_ln822_1" contextFuncName="knnHLS" moduleName="knnHLS" rtlName="trunc_ln822_1_fu_1131_p4" latency="0" BRAM="-1" DSP="-1" FF="-1" LUT="-1" fileDirectory="G:\CG4002\Vivado"><\/item>
<item  id="205" filename="naiveKNN/knn.cpp" linenumber="822" name="sext_ln822_1" contextFuncName="knnHLS" moduleName="knnHLS" rtlName="sext_ln822_1_fu_1141_p1" latency="0" BRAM="-1" DSP="-1" FF="-1" LUT="-1" fileDirectory="G:\CG4002\Vivado"><\/item>
<item  id="206" filename="naiveKNN/knn.cpp" linenumber="822" name="trunc_ln822_2" contextFuncName="knnHLS" moduleName="knnHLS" rtlName="trunc_ln822_2_fu_1145_p4" latency="0" BRAM="-1" DSP="-1" FF="-1" LUT="-1" fileDirectory="G:\CG4002\Vivado"><\/item>
<item  id="207" filename="naiveKNN/knn.cpp" linenumber="822" name="sext_ln822_2" contextFuncName="knnHLS" moduleName="knnHLS" rtlName="sext_ln822_2_fu_1155_p1" latency="0" BRAM="-1" DSP="-1" FF="-1" LUT="-1" fileDirectory="G:\CG4002\Vivado"><\/item>
<item  id="208" filename="naiveKNN/knn.cpp" linenumber="822" name="add_ln822" contextFuncName="knnHLS" moduleName="knnHLS" rtlName="add_ln822_fu_1159_p2" latency="0" BRAM="-1" DSP="-1" FF="0" LUT="39" fileDirectory="G:\CG4002\Vivado"><\/item>
<item  id="209" filename="naiveKNN/knn.cpp" linenumber="822" name="add_ln822_1" contextFuncName="knnHLS" moduleName="knnHLS" rtlName="add_ln822_1_fu_1165_p2" latency="0" BRAM="-1" DSP="-1" FF="0" LUT="32" fileDirectory="G:\CG4002\Vivado"><\/item>
<item  id="210" filename="naiveKNN/knn.cpp" linenumber="822" name="output_0" contextFuncName="knnHLS" moduleName="knnHLS" rtlName="output_0_fu_1171_p2" latency="0" BRAM="-1" DSP="-1" FF="0" LUT="32" fileDirectory="G:\CG4002\Vivado"><\/item>
<item  id="211" filename="naiveKNN/knn.cpp" linenumber="823" name="trunc_ln2" contextFuncName="knnHLS" moduleName="knnHLS" rtlName="trunc_ln2_fu_1177_p4" latency="0" BRAM="-1" DSP="-1" FF="-1" LUT="-1" fileDirectory="G:\CG4002\Vivado"><\/item>
<item  id="212" filename="naiveKNN/knn.cpp" linenumber="823" name="sext_ln823" contextFuncName="knnHLS" moduleName="knnHLS" rtlName="sext_ln823_fu_1187_p1" latency="0" BRAM="-1" DSP="-1" FF="-1" LUT="-1" fileDirectory="G:\CG4002\Vivado"><\/item>
<item  id="213" filename="naiveKNN/knn.cpp" linenumber="823" name="trunc_ln823_1" contextFuncName="knnHLS" moduleName="knnHLS" rtlName="trunc_ln823_1_fu_1191_p4" latency="0" BRAM="-1" DSP="-1" FF="-1" LUT="-1" fileDirectory="G:\CG4002\Vivado"><\/item>
<item  id="214" filename="naiveKNN/knn.cpp" linenumber="823" name="sext_ln823_1" contextFuncName="knnHLS" moduleName="knnHLS" rtlName="sext_ln823_1_fu_1201_p1" latency="0" BRAM="-1" DSP="-1" FF="-1" LUT="-1" fileDirectory="G:\CG4002\Vivado"><\/item>
<item  id="215" filename="naiveKNN/knn.cpp" linenumber="823" name="trunc_ln823_2" contextFuncName="knnHLS" moduleName="knnHLS" rtlName="trunc_ln823_2_fu_1205_p4" latency="0" BRAM="-1" DSP="-1" FF="-1" LUT="-1" fileDirectory="G:\CG4002\Vivado"><\/item>
<item  id="216" filename="naiveKNN/knn.cpp" linenumber="823" name="sext_ln823_2" contextFuncName="knnHLS" moduleName="knnHLS" rtlName="sext_ln823_2_fu_1215_p1" latency="0" BRAM="-1" DSP="-1" FF="-1" LUT="-1" fileDirectory="G:\CG4002\Vivado"><\/item>
<item  id="217" filename="naiveKNN/knn.cpp" linenumber="823" name="add_ln823" contextFuncName="knnHLS" moduleName="knnHLS" rtlName="add_ln823_fu_1219_p2" latency="0" BRAM="-1" DSP="-1" FF="0" LUT="39" fileDirectory="G:\CG4002\Vivado"><\/item>
<item  id="218" filename="naiveKNN/knn.cpp" linenumber="823" name="add_ln823_1" contextFuncName="knnHLS" moduleName="knnHLS" rtlName="add_ln823_1_fu_1225_p2" latency="0" BRAM="-1" DSP="-1" FF="0" LUT="32" fileDirectory="G:\CG4002\Vivado"><\/item>
<item  id="219" filename="naiveKNN/knn.cpp" linenumber="823" name="output_1" contextFuncName="knnHLS" moduleName="knnHLS" rtlName="output_1_fu_1231_p2" latency="0" BRAM="-1" DSP="-1" FF="0" LUT="32" fileDirectory="G:\CG4002\Vivado"><\/item>
<item  id="220" filename="naiveKNN/knn.cpp" linenumber="824" name="trunc_ln3" contextFuncName="knnHLS" moduleName="knnHLS" rtlName="trunc_ln3_fu_1237_p4" latency="0" BRAM="-1" DSP="-1" FF="-1" LUT="-1" fileDirectory="G:\CG4002\Vivado"><\/item>
<item  id="221" filename="naiveKNN/knn.cpp" linenumber="824" name="sext_ln824" contextFuncName="knnHLS" moduleName="knnHLS" rtlName="sext_ln824_fu_1247_p1" latency="0" BRAM="-1" DSP="-1" FF="-1" LUT="-1" fileDirectory="G:\CG4002\Vivado"><\/item>
<item  id="222" filename="naiveKNN/knn.cpp" linenumber="824" name="trunc_ln824_1" contextFuncName="knnHLS" moduleName="knnHLS" rtlName="trunc_ln824_1_fu_1251_p4" latency="0" BRAM="-1" DSP="-1" FF="-1" LUT="-1" fileDirectory="G:\CG4002\Vivado"><\/item>
<item  id="223" filename="naiveKNN/knn.cpp" linenumber="824" name="sext_ln824_1" contextFuncName="knnHLS" moduleName="knnHLS" rtlName="sext_ln824_1_fu_1261_p1" latency="0" BRAM="-1" DSP="-1" FF="-1" LUT="-1" fileDirectory="G:\CG4002\Vivado"><\/item>
<item  id="224" filename="naiveKNN/knn.cpp" linenumber="824" name="trunc_ln824_2" contextFuncName="knnHLS" moduleName="knnHLS" rtlName="trunc_ln824_2_fu_1265_p4" latency="0" BRAM="-1" DSP="-1" FF="-1" LUT="-1" fileDirectory="G:\CG4002\Vivado"><\/item>
<item  id="225" filename="naiveKNN/knn.cpp" linenumber="824" name="sext_ln824_2" contextFuncName="knnHLS" moduleName="knnHLS" rtlName="sext_ln824_2_fu_1275_p1" latency="0" BRAM="-1" DSP="-1" FF="-1" LUT="-1" fileDirectory="G:\CG4002\Vivado"><\/item>
<item  id="226" filename="naiveKNN/knn.cpp" linenumber="824" name="add_ln824" contextFuncName="knnHLS" moduleName="knnHLS" rtlName="add_ln824_fu_1279_p2" latency="0" BRAM="-1" DSP="-1" FF="0" LUT="39" fileDirectory="G:\CG4002\Vivado"><\/item>
<item  id="227" filename="naiveKNN/knn.cpp" linenumber="824" name="add_ln824_1" contextFuncName="knnHLS" moduleName="knnHLS" rtlName="add_ln824_1_fu_1285_p2" latency="0" BRAM="-1" DSP="-1" FF="0" LUT="32" fileDirectory="G:\CG4002\Vivado"><\/item>
<item  id="228" filename="naiveKNN/knn.cpp" linenumber="824" name="output_2" contextFuncName="knnHLS" moduleName="knnHLS" rtlName="output_2_fu_1291_p2" latency="0" BRAM="-1" DSP="-1" FF="0" LUT="32" fileDirectory="G:\CG4002\Vivado"><\/item>
<item  id="234" filename="naiveKNN/knn.cpp" linenumber="828" name="icmp_ln828" contextFuncName="knnHLS" moduleName="knnHLS" rtlName="icmp_ln828_fu_1344_p2" latency="0" BRAM="-1" DSP="-1" FF="0" LUT="9" fileDirectory="G:\CG4002\Vivado"><\/item>
<item  id="236" filename="naiveKNN/knn.cpp" linenumber="828" name="word_cnt_2" contextFuncName="knnHLS" moduleName="knnHLS" rtlName="word_cnt_2_fu_1350_p2" latency="0" BRAM="-1" DSP="-1" FF="0" LUT="11" fileDirectory="G:\CG4002\Vivado"><\/item>
<item  id="239" filename="naiveKNN/knn.cpp" linenumber="830" name="trunc_ln830" contextFuncName="knnHLS" moduleName="knnHLS" rtlName="write_output_data_fu_1360_p5" latency="0" BRAM="-1" DSP="-1" FF="-1" LUT="-1" fileDirectory="G:\CG4002\Vivado"><\/item>
<item  id="240" filename="naiveKNN/knn.cpp" linenumber="830" name="write_output_data" contextFuncName="knnHLS" moduleName="knnHLS" rtlName="knnHLS_mux_42_32_bkb_U10" latency="0" BRAM="-1" DSP="-1" FF="-1" LUT="-1" fileDirectory="G:\CG4002\Vivado"><\/item>
<item  id="241" filename="naiveKNN/knn.cpp" linenumber="833" name="tmp_last" contextFuncName="knnHLS" moduleName="knnHLS" rtlName="M_AXIS_TLAST_int" latency="0" BRAM="-1" DSP="-1" FF="0" LUT="9" fileDirectory="G:\CG4002\Vivado"><\/item>
<\/annotationInfo>
</annotationInfo>
