<profile>

<section name = "Vivado HLS Report for 'knnHLS'" level="0">
<item name = "Date">Tue Sep 15 22:42:06 2020
</item>
<item name = "Version">2019.2 (Build 2704478 on Wed Nov 06 22:10:23 MST 2019)</item>
<item name = "Project">naiveKNN</item>
<item name = "Solution">naiveKNN</item>
<item name = "Product family">zynquplus</item>
<item name = "Target device">xczu3eg-sbva484-1-i</item>
</section>

<section name = "Performance Estimates" level="0">
<item name = "Timing">
<section name = "" level="1">
<item name = "Summary"><table name="" hasTotal="0">
<keys size="4">Clock, Target, Estimated, Uncertainty</keys>
<column name="ap_clk">10.00 ns, 7.190 ns, 1.25 ns</column>
</table>
</item>
</section>
</item>
<item name = "Latency">
<section name = "" level="1">
<item name = "Summary"><table name="" hasTotal="0">
<keys size="8">, min, max, min, max, min, max, Type</keys>
<column name="">6927, 6927, 69.270 us, 69.270 us, 6927, 6927, none</column>
</table>
</item>
<item name = "Detail">
<section name = "" level="1">
<item name = "Instance"><table name="" hasTotal="0">
<keys size="9">Instance, Module, min, max, min, max, min, max, Type</keys>
</table>
</item>
<item name = "Loop"><table name="" hasTotal="0">
<keys size="8">Loop Name, min, max, Latency, achieved, target, Count, Pipelined</keys>
<column name="- memset_output">3, 3, 1, -, -, 4, no</column>
<column name="- Loop 2">768, 768, 1, -, -, 768, no</column>
<column name="- Loop 3">6144, 6144, 24, -, -, 256, no</column>
<column name=" + memset_zz">2, 2, 1, -, -, 3, no</column>
<column name=" + memset_r">2, 2, 1, -, -, 3, no</column>
<column name=" + memset_h">2, 2, 1, -, -, 3, no</column>
<column name=" + Loop 3.4">12, 12, 4, -, -, 3, no</column>
<column name="- Loop 4">8, 8, 2, -, -, 4, no</column>
</table>
</item>
</section>
</item>
</section>
</item>
</section>

<section name = "Utilization Estimates" level="0">
<item name = "Summary"><table name="" hasTotal="1">
<keys size="6">Name, BRAM_18K, DSP48E, FF, LUT, URAM</keys>
<column name="DSP">-, -, -, -, -</column>
<column name="Expression">-, 9, 0, 937, -</column>
<column name="FIFO">-, -, -, -, -</column>
<column name="Instance">-, -, 0, 210, -</column>
<column name="Memory">5, -, 0, 0, 0</column>
<column name="Multiplexer">-, -, -, 455, -</column>
<column name="Register">-, -, 1796, -, -</column>
<specialColumn name="Available">432, 360, 141120, 70560, 0</specialColumn>
<specialColumn name="Utilization (%)">1, 2, 1, 2, 0</specialColumn>
</table>
</item>
<item name = "Detail">
<section name = "" level="1">
<item name = "Instance"><table name="" hasTotal="1">
<keys size="7">Instance, Module, BRAM_18K, DSP48E, FF, LUT, URAM</keys>
<column name="knnHLS_mux_42_32_bkb_U1">knnHLS_mux_42_32_bkb, 0, 0, 0, 21, 0</column>
<column name="knnHLS_mux_42_32_bkb_U2">knnHLS_mux_42_32_bkb, 0, 0, 0, 21, 0</column>
<column name="knnHLS_mux_42_32_bkb_U3">knnHLS_mux_42_32_bkb, 0, 0, 0, 21, 0</column>
<column name="knnHLS_mux_42_32_bkb_U4">knnHLS_mux_42_32_bkb, 0, 0, 0, 21, 0</column>
<column name="knnHLS_mux_42_32_bkb_U5">knnHLS_mux_42_32_bkb, 0, 0, 0, 21, 0</column>
<column name="knnHLS_mux_42_32_bkb_U6">knnHLS_mux_42_32_bkb, 0, 0, 0, 21, 0</column>
<column name="knnHLS_mux_42_32_bkb_U7">knnHLS_mux_42_32_bkb, 0, 0, 0, 21, 0</column>
<column name="knnHLS_mux_42_32_bkb_U8">knnHLS_mux_42_32_bkb, 0, 0, 0, 21, 0</column>
<column name="knnHLS_mux_42_32_bkb_U9">knnHLS_mux_42_32_bkb, 0, 0, 0, 21, 0</column>
<column name="knnHLS_mux_42_32_bkb_U10">knnHLS_mux_42_32_bkb, 0, 0, 0, 21, 0</column>
</table>
</item>
<item name = "DSP48E"><table name="" hasTotal="0">
<keys size="3">Instance, Module, Expression</keys>
</table>
</item>
<item name = "Memory"><table name="" hasTotal="1">
<keys size="10">Memory, Module, BRAM_18K, FF, LUT, URAM, Words, Bits, Banks, W*Bits*Banks</keys>
<column name="hairTrain_U">knnHLS_hairTrain, 1, 0, 0, 0, 768, 7, 1, 5376</column>
<column name="input_U">knnHLS_input, 2, 0, 0, 0, 768, 32, 1, 24576</column>
<column name="rocketTrain_U">knnHLS_rocketTrain, 1, 0, 0, 0, 768, 7, 1, 5376</column>
<column name="zigZagTrain_U">knnHLS_zigZagTrain, 1, 0, 0, 0, 768, 7, 1, 5376</column>
</table>
</item>
<item name = "FIFO"><table name="" hasTotal="1">
<keys size="8">Name, BRAM_18K, FF, LUT, URAM, Depth, Bits, Size:D*B</keys>
</table>
</item>
<item name = "Expression"><table name="" hasTotal="1">
<keys size="7">Variable Name, Operation, DSP48E, FF, LUT, Bitwidth P0, Bitwidth P1</keys>
<column name="h_0_fu_1336_p2">*, 3, 0, 20, 32, 32</column>
<column name="r_0_fu_1321_p2">*, 3, 0, 20, 32, 32</column>
<column name="zz_0_fu_1306_p2">*, 3, 0, 20, 32, 32</column>
<column name="add_ln800_fu_753_p2">+, 0, 0, 9, 2, 1</column>
<column name="add_ln811_fu_884_p2">+, 0, 0, 9, 2, 1</column>
<column name="add_ln812_fu_938_p2">+, 0, 0, 9, 2, 1</column>
<column name="add_ln813_fu_992_p2">+, 0, 0, 9, 2, 1</column>
<column name="add_ln819_fu_1105_p2">+, 0, 0, 18, 11, 11</column>
<column name="add_ln822_1_fu_1165_p2">+, 0, 0, 32, 32, 32</column>
<column name="add_ln822_fu_1159_p2">+, 0, 0, 39, 32, 32</column>
<column name="add_ln823_1_fu_1225_p2">+, 0, 0, 32, 32, 32</column>
<column name="add_ln823_fu_1219_p2">+, 0, 0, 39, 32, 32</column>
<column name="add_ln824_1_fu_1285_p2">+, 0, 0, 32, 32, 32</column>
<column name="add_ln824_fu_1279_p2">+, 0, 0, 39, 32, 32</column>
<column name="i_fu_878_p2">+, 0, 0, 16, 9, 1</column>
<column name="j_fu_1095_p2">+, 0, 0, 9, 2, 1</column>
<column name="output_0_fu_1171_p2">+, 0, 0, 32, 32, 32</column>
<column name="output_1_fu_1231_p2">+, 0, 0, 32, 32, 32</column>
<column name="output_2_fu_1291_p2">+, 0, 0, 32, 32, 32</column>
<column name="word_cnt_2_fu_1350_p2">+, 0, 0, 11, 3, 1</column>
<column name="word_cnt_fu_852_p2">+, 0, 0, 17, 10, 1</column>
<column name="sub_ln815_1_fu_1062_p2">-, 0, 0, 18, 11, 11</column>
<column name="sub_ln815_fu_1301_p2">-, 0, 0, 39, 32, 32</column>
<column name="sub_ln817_fu_1316_p2">-, 0, 0, 39, 32, 32</column>
<column name="sub_ln819_1_fu_1084_p2">-, 0, 0, 18, 11, 11</column>
<column name="sub_ln819_fu_1331_p2">-, 0, 0, 39, 32, 32</column>
<column name="ap_block_state13_io">and, 0, 0, 2, 1, 1</column>
<column name="ap_block_state3">and, 0, 0, 2, 1, 1</column>
<column name="M_AXIS_TLAST_int">icmp, 0, 0, 9, 3, 2</column>
<column name="icmp_ln800_1_fu_759_p2">icmp, 0, 0, 9, 2, 3</column>
<column name="icmp_ln800_2_fu_773_p2">icmp, 0, 0, 8, 2, 1</column>
<column name="icmp_ln800_3_fu_787_p2">icmp, 0, 0, 8, 2, 1</column>
<column name="icmp_ln800_fu_825_p2">icmp, 0, 0, 8, 2, 2</column>
<column name="icmp_ln804_fu_846_p2">icmp, 0, 0, 13, 10, 10</column>
<column name="icmp_ln810_fu_872_p2">icmp, 0, 0, 13, 9, 10</column>
<column name="icmp_ln811_fu_932_p2">icmp, 0, 0, 9, 2, 3</column>
<column name="icmp_ln812_fu_986_p2">icmp, 0, 0, 9, 2, 3</column>
<column name="icmp_ln813_fu_1040_p2">icmp, 0, 0, 9, 2, 3</column>
<column name="icmp_ln814_fu_1089_p2">icmp, 0, 0, 8, 2, 2</column>
<column name="icmp_ln828_fu_1344_p2">icmp, 0, 0, 9, 3, 4</column>
<column name="select_ln800_1_fu_779_p3">select, 0, 0, 32, 1, 32</column>
<column name="select_ln800_2_fu_793_p3">select, 0, 0, 32, 1, 32</column>
<column name="select_ln800_3_fu_801_p3">select, 0, 0, 32, 1, 1</column>
<column name="select_ln800_4_fu_809_p3">select, 0, 0, 32, 1, 32</column>
<column name="select_ln800_5_fu_817_p3">select, 0, 0, 32, 1, 1</column>
<column name="select_ln800_fu_765_p3">select, 0, 0, 32, 1, 1</column>
</table>
</item>
<item name = "Multiplexer"><table name="" hasTotal="1">
<keys size="5">Name, LUT, Input Size, Bits, Total Bits</keys>
<column name="M_AXIS_TDATA_blk_n">9, 2, 1, 2</column>
<column name="S_AXIS_TDATA_blk_n">9, 2, 1, 2</column>
<column name="ap_NS_fsm">62, 15, 1, 15</column>
<column name="ap_phi_mux_h_0_3_be_phi_fu_722_p6">15, 3, 32, 96</column>
<column name="ap_phi_mux_h_1_3_be_phi_fu_707_p6">15, 3, 32, 96</column>
<column name="ap_phi_mux_h_2_3_be_phi_fu_692_p6">15, 3, 32, 96</column>
<column name="h_0_1_reg_466">9, 2, 32, 64</column>
<column name="h_0_3_reg_509">9, 2, 32, 64</column>
<column name="h_1_1_reg_456">9, 2, 32, 64</column>
<column name="h_1_3_reg_498">9, 2, 32, 64</column>
<column name="h_2_1_reg_446">9, 2, 32, 64</column>
<column name="h_2_3_reg_487">9, 2, 32, 64</column>
<column name="i_0_reg_352">9, 2, 9, 18</column>
<column name="input_address0">15, 3, 10, 30</column>
<column name="j_0_reg_586">9, 2, 2, 4</column>
<column name="output_0_2_reg_234">9, 2, 32, 64</column>
<column name="output_1_2_reg_224">9, 2, 32, 64</column>
<column name="output_2_2_reg_214">9, 2, 32, 64</column>
<column name="phi_ln800_reg_192">9, 2, 2, 4</column>
<column name="phi_ln811_reg_394">9, 2, 2, 4</column>
<column name="phi_ln812_reg_435">9, 2, 2, 4</column>
<column name="phi_ln813_reg_476">9, 2, 2, 4</column>
<column name="r_0_1_reg_425">9, 2, 32, 64</column>
<column name="r_0_3_reg_542">9, 2, 32, 64</column>
<column name="r_0_4_reg_673">9, 2, 32, 64</column>
<column name="r_1_1_reg_415">9, 2, 32, 64</column>
<column name="r_1_3_reg_531">9, 2, 32, 64</column>
<column name="r_1_4_reg_658">9, 2, 32, 64</column>
<column name="r_2_1_reg_405">9, 2, 32, 64</column>
<column name="r_2_3_reg_520">9, 2, 32, 64</column>
<column name="r_2_4_reg_643">9, 2, 32, 64</column>
<column name="word_cnt_0_reg_203">9, 2, 10, 20</column>
<column name="word_cnt_1_reg_733">9, 2, 3, 6</column>
<column name="zz_0_1_reg_384">9, 2, 32, 64</column>
<column name="zz_0_3_reg_575">9, 2, 32, 64</column>
<column name="zz_0_4_reg_628">9, 2, 32, 64</column>
<column name="zz_1_1_reg_374">9, 2, 32, 64</column>
<column name="zz_1_3_reg_564">9, 2, 32, 64</column>
<column name="zz_1_4_reg_613">9, 2, 32, 64</column>
<column name="zz_2_1_reg_364">9, 2, 32, 64</column>
<column name="zz_2_3_reg_553">9, 2, 32, 64</column>
<column name="zz_2_4_reg_598">9, 2, 32, 64</column>
</table>
</item>
<item name = "Register"><table name="" hasTotal="1">
<keys size="5">Name, FF, LUT, Bits, Const Bits</keys>
<column name="ap_CS_fsm">14, 0, 14, 0</column>
<column name="h_0_0_reg_268">32, 0, 32, 0</column>
<column name="h_0_1_reg_466">32, 0, 32, 0</column>
<column name="h_0_2_reg_1502">32, 0, 32, 0</column>
<column name="h_0_3_reg_509">32, 0, 32, 0</column>
<column name="h_1_0_reg_256">32, 0, 32, 0</column>
<column name="h_1_1_reg_456">32, 0, 32, 0</column>
<column name="h_1_2_reg_1508">32, 0, 32, 0</column>
<column name="h_1_3_reg_498">32, 0, 32, 0</column>
<column name="h_2_0_reg_244">32, 0, 32, 0</column>
<column name="h_2_1_reg_446">32, 0, 32, 0</column>
<column name="h_2_2_reg_1514">32, 0, 32, 0</column>
<column name="h_2_3_reg_487">32, 0, 32, 0</column>
<column name="hairTrain_addr_reg_1548">10, 0, 10, 0</column>
<column name="i_0_reg_352">9, 0, 9, 0</column>
<column name="i_reg_1440">9, 0, 9, 0</column>
<column name="input_load_reg_1533">32, 0, 32, 0</column>
<column name="j_0_reg_586">2, 0, 2, 0</column>
<column name="j_reg_1543">2, 0, 2, 0</column>
<column name="output_0_0_fu_102">32, 0, 32, 0</column>
<column name="output_0_2_reg_234">32, 0, 32, 0</column>
<column name="output_1_0_fu_106">32, 0, 32, 0</column>
<column name="output_1_2_reg_224">32, 0, 32, 0</column>
<column name="output_2_0_fu_110">32, 0, 32, 0</column>
<column name="output_2_2_reg_214">32, 0, 32, 0</column>
<column name="phi_ln800_reg_192">2, 0, 2, 0</column>
<column name="phi_ln811_reg_394">2, 0, 2, 0</column>
<column name="phi_ln812_reg_435">2, 0, 2, 0</column>
<column name="phi_ln813_reg_476">2, 0, 2, 0</column>
<column name="r_0_0_reg_304">32, 0, 32, 0</column>
<column name="r_0_1_reg_425">32, 0, 32, 0</column>
<column name="r_0_2_reg_1476">32, 0, 32, 0</column>
<column name="r_0_3_reg_542">32, 0, 32, 0</column>
<column name="r_0_4_reg_673">32, 0, 32, 0</column>
<column name="r_1_0_reg_292">32, 0, 32, 0</column>
<column name="r_1_1_reg_415">32, 0, 32, 0</column>
<column name="r_1_2_reg_1482">32, 0, 32, 0</column>
<column name="r_1_3_reg_531">32, 0, 32, 0</column>
<column name="r_1_4_reg_658">32, 0, 32, 0</column>
<column name="r_2_0_reg_280">32, 0, 32, 0</column>
<column name="r_2_1_reg_405">32, 0, 32, 0</column>
<column name="r_2_2_reg_1488">32, 0, 32, 0</column>
<column name="r_2_3_reg_520">32, 0, 32, 0</column>
<column name="r_2_4_reg_643">32, 0, 32, 0</column>
<column name="rocketTrain_addr_reg_1553">10, 0, 10, 0</column>
<column name="select_ln800_2_reg_1405">32, 0, 32, 0</column>
<column name="select_ln800_4_reg_1410">32, 0, 32, 0</column>
<column name="select_ln800_5_reg_1415">32, 0, 32, 0</column>
<column name="sub_ln819_1_reg_1528">11, 0, 11, 0</column>
<column name="word_cnt_0_reg_203">10, 0, 10, 0</column>
<column name="word_cnt_1_reg_733">3, 0, 3, 0</column>
<column name="word_cnt_2_reg_1596">3, 0, 3, 0</column>
<column name="zext_ln810_reg_1431">9, 0, 11, 2</column>
<column name="zz_0_0_reg_340">32, 0, 32, 0</column>
<column name="zz_0_1_reg_384">32, 0, 32, 0</column>
<column name="zz_0_2_reg_1450">32, 0, 32, 0</column>
<column name="zz_0_3_reg_575">32, 0, 32, 0</column>
<column name="zz_0_4_reg_628">32, 0, 32, 0</column>
<column name="zz_0_reg_1578">32, 0, 32, 0</column>
<column name="zz_1_0_reg_328">32, 0, 32, 0</column>
<column name="zz_1_1_reg_374">32, 0, 32, 0</column>
<column name="zz_1_2_reg_1456">32, 0, 32, 0</column>
<column name="zz_1_3_reg_564">32, 0, 32, 0</column>
<column name="zz_1_4_reg_613">32, 0, 32, 0</column>
<column name="zz_2_0_reg_316">32, 0, 32, 0</column>
<column name="zz_2_1_reg_364">32, 0, 32, 0</column>
<column name="zz_2_2_reg_1462">32, 0, 32, 0</column>
<column name="zz_2_3_reg_553">32, 0, 32, 0</column>
<column name="zz_2_4_reg_598">32, 0, 32, 0</column>
</table>
</item>
</section>
</item>
</section>

<section name = "Interface" level="0">
<item name = "Summary"><table name="" hasTotal="0">
<keys size="6">RTL Ports, Dir, Bits, Protocol, Source Object, C Type</keys>
<column name="ap_clk">in, 1, ap_ctrl_none, knnHLS, return value</column>
<column name="ap_rst_n">in, 1, ap_ctrl_none, knnHLS, return value</column>
<column name="S_AXIS_TDATA">in, 32, axis, S_AXIS_V_data, pointer</column>
<column name="S_AXIS_TVALID">in, 1, axis, S_AXIS_V_last, pointer</column>
<column name="S_AXIS_TREADY">out, 1, axis, S_AXIS_V_last, pointer</column>
<column name="S_AXIS_TLAST">in, 1, axis, S_AXIS_V_last, pointer</column>
<column name="M_AXIS_TDATA">out, 32, axis, M_AXIS_V_data, pointer</column>
<column name="M_AXIS_TVALID">out, 1, axis, M_AXIS_V_last, pointer</column>
<column name="M_AXIS_TREADY">in, 1, axis, M_AXIS_V_last, pointer</column>
<column name="M_AXIS_TLAST">out, 1, axis, M_AXIS_V_last, pointer</column>
</table>
</item>
</section>
</profile>
