<profile>

<RTLDesignHierarchy>
<TopModule>
<ModuleName>knnHLS</ModuleName>
</TopModule>
</RTLDesignHierarchy>

<ModuleInformation>
<Module>
<Name>knnHLS</Name>
<PerformanceEstimates>
<SummaryOfTimingAnalysis>
<TargetClockPeriod>10.00</TargetClockPeriod>
<ClockUncertainty>1.25</ClockUncertainty>
<EstimatedClockPeriod>7.190</EstimatedClockPeriod>
</SummaryOfTimingAnalysis>
<SummaryOfOverallLatency>
<Best-caseLatency>6927</Best-caseLatency>
<Average-caseLatency>6927</Average-caseLatency>
<Worst-caseLatency>6927</Worst-caseLatency>
<Best-caseRealTimeLatency>69.270 us</Best-caseRealTimeLatency>
<Average-caseRealTimeLatency>69.270 us</Average-caseRealTimeLatency>
<Worst-caseRealTimeLatency>69.270 us</Worst-caseRealTimeLatency>
<PipelineInitiationInterval>6928</PipelineInitiationInterval>
<PipelineType>none</PipelineType>
</SummaryOfOverallLatency>
<SummaryOfLoopLatency>
<memset_output>
<Name>memset_output</Name>
<TripCount>4</TripCount>
<Latency>3</Latency>
<IterationLatency>1</IterationLatency>
<PipelineDepth>1</PipelineDepth>
</memset_output>
<Loop2>
<Name>Loop 2</Name>
<TripCount>768</TripCount>
<Latency>768</Latency>
<IterationLatency>1</IterationLatency>
<PipelineDepth>1</PipelineDepth>
</Loop2>
<Loop3>
<Name>Loop 3</Name>
<TripCount>256</TripCount>
<Latency>6144</Latency>
<IterationLatency>24</IterationLatency>
<PipelineDepth>24</PipelineDepth>
<memset_zz>
<Name>memset_zz</Name>
<TripCount>3</TripCount>
<Latency>2</Latency>
<IterationLatency>1</IterationLatency>
<PipelineDepth>1</PipelineDepth>
</memset_zz>
<memset_r>
<Name>memset_r</Name>
<TripCount>3</TripCount>
<Latency>2</Latency>
<IterationLatency>1</IterationLatency>
<PipelineDepth>1</PipelineDepth>
</memset_r>
<memset_h>
<Name>memset_h</Name>
<TripCount>3</TripCount>
<Latency>2</Latency>
<IterationLatency>1</IterationLatency>
<PipelineDepth>1</PipelineDepth>
</memset_h>
<Loop3.4>
<Name>Loop 3.4</Name>
<TripCount>3</TripCount>
<Latency>12</Latency>
<IterationLatency>4</IterationLatency>
<PipelineDepth>4</PipelineDepth>
</Loop3.4>
</Loop3>
<Loop4>
<Name>Loop 4</Name>
<TripCount>4</TripCount>
<Latency>8</Latency>
<IterationLatency>2</IterationLatency>
<PipelineDepth>2</PipelineDepth>
</Loop4>
</SummaryOfLoopLatency>
</PerformanceEstimates>
<AreaEstimates>
<Resources>
<BRAM_18K>5</BRAM_18K>
<DSP48E>9</DSP48E>
<FF>1796</FF>
<LUT>1602</LUT>
<URAM>0</URAM>
</Resources>
</AreaEstimates>
<InterfaceSummary>
<RtlPorts>
<name>ap_clk</name>
<Object>knnHLS</Object>
<Type>return value</Type>
<Scope></Scope>
<IOProtocol>ap_ctrl_none</IOProtocol>
<IOConfig></IOConfig>
<Dir>in</Dir>
<Bits>1</Bits>
<Attribute>control</Attribute>
</RtlPorts>
<RtlPorts>
<name>ap_rst_n</name>
<Object>knnHLS</Object>
<Type>return value</Type>
<Scope></Scope>
<IOProtocol>ap_ctrl_none</IOProtocol>
<IOConfig></IOConfig>
<Dir>in</Dir>
<Bits>1</Bits>
<Attribute>control</Attribute>
</RtlPorts>
<RtlPorts>
<name>S_AXIS_TDATA</name>
<Object>S_AXIS_V_data</Object>
<Type>pointer</Type>
<Scope></Scope>
<IOProtocol>axis</IOProtocol>
<IOConfig>register, both mode</IOConfig>
<Dir>in</Dir>
<Bits>32</Bits>
<Attribute>data</Attribute>
<CType>int</CType>
</RtlPorts>
<RtlPorts>
<name>S_AXIS_TVALID</name>
<Object>S_AXIS_V_last</Object>
<Type>pointer</Type>
<Scope></Scope>
<IOProtocol>axis</IOProtocol>
<IOConfig>register, both mode</IOConfig>
<Dir>in</Dir>
<Bits>1</Bits>
<Attribute>control</Attribute>
<CType>bool</CType>
</RtlPorts>
<RtlPorts>
<name>S_AXIS_TREADY</name>
<Object>S_AXIS_V_last</Object>
<Type>pointer</Type>
<Scope></Scope>
<IOProtocol>axis</IOProtocol>
<IOConfig>register, both mode</IOConfig>
<Dir>out</Dir>
<Bits>1</Bits>
<Attribute>control</Attribute>
<CType>bool</CType>
</RtlPorts>
<RtlPorts>
<name>S_AXIS_TLAST</name>
<Object>S_AXIS_V_last</Object>
<Type>pointer</Type>
<Scope></Scope>
<IOProtocol>axis</IOProtocol>
<IOConfig>register, both mode</IOConfig>
<Dir>in</Dir>
<Bits>1</Bits>
<Attribute>data</Attribute>
<CType>bool</CType>
</RtlPorts>
<RtlPorts>
<name>M_AXIS_TDATA</name>
<Object>M_AXIS_V_data</Object>
<Type>pointer</Type>
<Scope></Scope>
<IOProtocol>axis</IOProtocol>
<IOConfig>register, both mode</IOConfig>
<Dir>out</Dir>
<Bits>32</Bits>
<Attribute>data</Attribute>
<CType>int</CType>
</RtlPorts>
<RtlPorts>
<name>M_AXIS_TVALID</name>
<Object>M_AXIS_V_last</Object>
<Type>pointer</Type>
<Scope></Scope>
<IOProtocol>axis</IOProtocol>
<IOConfig>register, both mode</IOConfig>
<Dir>out</Dir>
<Bits>1</Bits>
<Attribute>control</Attribute>
<CType>bool</CType>
</RtlPorts>
<RtlPorts>
<name>M_AXIS_TREADY</name>
<Object>M_AXIS_V_last</Object>
<Type>pointer</Type>
<Scope></Scope>
<IOProtocol>axis</IOProtocol>
<IOConfig>register, both mode</IOConfig>
<Dir>in</Dir>
<Bits>1</Bits>
<Attribute>control</Attribute>
<CType>bool</CType>
</RtlPorts>
<RtlPorts>
<name>M_AXIS_TLAST</name>
<Object>M_AXIS_V_last</Object>
<Type>pointer</Type>
<Scope></Scope>
<IOProtocol>axis</IOProtocol>
<IOConfig>register, both mode</IOConfig>
<Dir>out</Dir>
<Bits>1</Bits>
<Attribute>data</Attribute>
<CType>bool</CType>
</RtlPorts>
</InterfaceSummary>
</Module>
</ModuleInformation>

</profile>
