<profile>

<section name = "Vivado HLS Report for 'knnHLS'" level="0">
<item name = "Date">Tue Sep 15 22:42:05 2020
</item>
<item name = "Version">2019.2 (Build 2704478 on Wed Nov 06 22:10:23 MST 2019)</item>
<item name = "Project">naiveKNN</item>
<item name = "Solution">naiveKNN</item>
<item name = "Product family">zynquplus</item>
<item name = "Target device">xczu3eg-sbva484-1-i</item>
</section>

<section name = "Performance Estimates" level="0">
<item name = "Timing">
<section name = "" level="1">
<item name = "Summary"><table name="" hasTotal="0">
<keys size="4">Clock, Target, Estimated, Uncertainty</keys>
<column name="ap_clk">10.00 ns, 7.190 ns, 1.25 ns</column>
</table>
</item>
</section>
</item>
<item name = "Latency">
<section name = "" level="1">
<item name = "Summary"><table name="" hasTotal="0">
<keys size="8">, min, max, min, max, min, max, Type</keys>
<column name="">6927, 6927, 69.270 us, 69.270 us, 6927, 6927, none</column>
</table>
</item>
<item name = "Detail">
<section name = "" level="1">
<item name = "Instance"><table name="" hasTotal="0">
<keys size="9">Instance, Module, min, max, min, max, min, max, Type</keys>
</table>
</item>
<item name = "Loop"><table name="" hasTotal="0">
<keys size="8">Loop Name, min, max, Latency, achieved, target, Count, Pipelined</keys>
<column name="- memset_output">3, 3, 1, -, -, 4, no</column>
<column name="- Loop 2">768, 768, 1, -, -, 768, no</column>
<column name="- Loop 3">6144, 6144, 24, -, -, 256, no</column>
<column name=" + memset_zz">2, 2, 1, -, -, 3, no</column>
<column name=" + memset_r">2, 2, 1, -, -, 3, no</column>
<column name=" + memset_h">2, 2, 1, -, -, 3, no</column>
<column name=" + Loop 3.4">12, 12, 4, -, -, 3, no</column>
<column name="- Loop 4">8, 8, 2, -, -, 4, no</column>
</table>
</item>
</section>
</item>
</section>
</item>
</section>
</profile>
