{
  "Top": "knnHLS",
  "RtlTop": "knnHLS",
  "RtlPrefix": "",
  "SourceLanguage": "cpp",
  "ResetStyle": "control",
  "GenerateBdFiles": "1",
  "HostMachineBits": "64",
  "Target": {
    "Family": "zynquplus",
    "Device": "xczu3eg",
    "Package": "-sbva484",
    "Speed": "-1-i"
  },
  "HlsSolution": {"Config": [
      "config_sdx -target=none",
      "config_export -format=ip_catalog",
      "config_export -rtl=verilog",
      "config_export -vivado_optimization_level=2",
      "config_export -vivado_phys_opt=place",
      "config_export -vivado_report_level=0"
    ]},
  "Args": {
    "S_AXIS": {
      "index": "0",
      "type": {
        "kinds": ["struct"],
        "dataType": "AXIS_wLAST",
        "structImpl": "flat-field",
        "dataPack": true,
        "fields": {
          "data": {
            "order": "0",
            "dataType": "int"
          },
          "last": {
            "order": "1",
            "dataType": "bool"
          }
        }
      }
    },
    "M_AXIS": {
      "index": "1",
      "type": {
        "kinds": ["struct"],
        "dataType": "AXIS_wLAST",
        "structImpl": "flat-field",
        "dataPack": true,
        "fields": {
          "data": {
            "order": "0",
            "dataType": "int"
          },
          "last": {
            "order": "1",
            "dataType": "bool"
          }
        }
      }
    }
  },
  "Return": {
    
  },
  "ClockInfo": {
    "ClockName": "ap_clk",
    "ClockPeriod": "10",
    "IsCombLogic": "0",
    "II": "x",
    "Latency": "6927",
    "Uncertainty": "1.25"
  },
  "Xdc": {"OocClocks": ["create_clock -name ap_clk -period 10.000 [get_ports ap_clk]"]},
  "Ipx": {
    "Vendor": "xilinx.com",
    "Library": "hls",
    "Name": "knnHLS",
    "Version": "1.0",
    "DisplayName": "Knnhls",
    "Revision": "",
    "Description": "An IP generated by Vivado HLS",
    "Taxonomy": "\/VIVADO_HLS_IP",
    "AutoFamilySupport": ""
  },
  "Files": {
    "CSource": ["..\/knn.cpp"],
    "Vhdl": [
      "impl\/vhdl\/knnHLS_hairTrain.vhd",
      "impl\/vhdl\/knnHLS_input.vhd",
      "impl\/vhdl\/knnHLS_mux_42_32_bkb.vhd",
      "impl\/vhdl\/knnHLS_rocketTrain.vhd",
      "impl\/vhdl\/knnHLS_zigZagTrain.vhd",
      "impl\/vhdl\/regslice_core.vhd",
      "impl\/vhdl\/knnHLS.vhd"
    ],
    "Verilog": [
      "impl\/verilog\/knnHLS_hairTrain.v",
      "impl\/verilog\/knnHLS_hairTrain_rom.dat",
      "impl\/verilog\/knnHLS_input.v",
      "impl\/verilog\/knnHLS_mux_42_32_bkb.v",
      "impl\/verilog\/knnHLS_rocketTrain.v",
      "impl\/verilog\/knnHLS_rocketTrain_rom.dat",
      "impl\/verilog\/knnHLS_zigZagTrain.v",
      "impl\/verilog\/knnHLS_zigZagTrain_rom.dat",
      "impl\/verilog\/regslice_core.v",
      "impl\/verilog\/knnHLS.v"
    ],
    "Misc": ["impl\/misc\/logo.png"],
    "DesignXml": "G:\/CG4002\/Vivado\/naiveKNN\/naiveKNN\/.autopilot\/db\/knnHLS.design.xml",
    "DebugDir": "G:\/CG4002\/Vivado\/naiveKNN\/naiveKNN\/.debug",
    "ProtoInst": [
      "G:\/CG4002\/Vivado\/naiveKNN\/naiveKNN\/.debug\/add.protoinst",
      "G:\/CG4002\/Vivado\/naiveKNN\/naiveKNN\/.debug\/example.protoinst",
      "G:\/CG4002\/Vivado\/naiveKNN\/naiveKNN\/.debug\/knnHLS.protoinst",
      "G:\/CG4002\/Vivado\/naiveKNN\/naiveKNN\/.debug\/mult_constant.protoinst"
    ]
  },
  "SubcoreInfo": {
    "HasXpmMemory": false,
    "HasClockedDsp": false,
    "IP": []
  },
  "Interfaces": {
    "ap_clk": {
      "type": "clock",
      "ctype": {"CLK": {"Type": "bool"}},
      "bundle_name": "ap_clk",
      "bundle_role": "default",
      "buses": "S_AXIS M_AXIS",
      "reset": "ap_rst_n"
    },
    "ap_rst_n": {
      "type": "reset",
      "polarity": "ACTIVE_LOW",
      "ctype": {"RST": {"Type": "bool"}},
      "bundle_name": "ap_rst_n",
      "bundle_role": "default"
    },
    "M_AXIS": {
      "type": "axi4stream",
      "mode": "master",
      "port_prefix": "M_AXIS",
      "has_tready": "1",
      "ctype": {
        "TDATA": {
          "Type": "integer signed",
          "Width": "32"
        },
        "TVALID": {"Type": "bool"},
        "TREADY": {"Type": "bool"},
        "TLAST": {
          "Type": "null",
          "Width": "1"
        }
      },
      "port_width": {
        "TDATA": "32",
        "TLAST": "1"
      }
    },
    "S_AXIS": {
      "type": "axi4stream",
      "mode": "slave",
      "port_prefix": "S_AXIS",
      "has_tready": "1",
      "ctype": {
        "TDATA": {
          "Type": "integer signed",
          "Width": "32"
        },
        "TVALID": {"Type": "bool"},
        "TREADY": {"Type": "bool"},
        "TLAST": {
          "Type": "null",
          "Width": "1"
        }
      },
      "port_width": {
        "TDATA": "32",
        "TLAST": "1"
      }
    }
  },
  "RtlPorts": {
    "ap_clk": {
      "dir": "in",
      "width": "1"
    },
    "ap_rst_n": {
      "dir": "in",
      "width": "1"
    },
    "S_AXIS_TDATA": {
      "dir": "in",
      "width": "32"
    },
    "S_AXIS_TVALID": {
      "dir": "in",
      "width": "1"
    },
    "S_AXIS_TREADY": {
      "dir": "out",
      "width": "1"
    },
    "S_AXIS_TLAST": {
      "dir": "in",
      "width": "1"
    },
    "M_AXIS_TDATA": {
      "dir": "out",
      "width": "32"
    },
    "M_AXIS_TVALID": {
      "dir": "out",
      "width": "1"
    },
    "M_AXIS_TREADY": {
      "dir": "in",
      "width": "1"
    },
    "M_AXIS_TLAST": {
      "dir": "out",
      "width": "1"
    }
  },
  "ModuleInfo": {
    "Hierarchy": {"ModuleName": "knnHLS"},
    "Info": {"knnHLS": {
        "FunctionProtocol": "ap_ctrl_none",
        "isTaskLevelControl": "1",
        "isPipelined": "0",
        "isCombinational": "0",
        "isOneStateSeq": "0"
      }},
    "Metrics": {"knnHLS": {
        "Latency": {
          "LatencyBest": "6927",
          "LatencyAvg": "6927",
          "LatencyWorst": "6927",
          "PipelineII": "6928",
          "PipelineDepth": "",
          "PipelineType": "none"
        },
        "Timing": {
          "Target": "10.00",
          "Uncertainty": "1.25",
          "Estimate": "7.190"
        },
        "Loops": [
          {
            "Name": "memset_output",
            "TripCount": "4",
            "Latency": "3",
            "PipelineII": "",
            "PipelineDepth": "1"
          },
          {
            "Name": "Loop 2",
            "TripCount": "768",
            "Latency": "768",
            "PipelineII": "",
            "PipelineDepth": "1"
          },
          {
            "Name": "Loop 3",
            "TripCount": "256",
            "Latency": "6144",
            "PipelineII": "",
            "PipelineDepth": "24",
            "Loops": [
              {
                "Name": "memset_zz",
                "TripCount": "3",
                "Latency": "2",
                "PipelineII": "",
                "PipelineDepth": "1"
              },
              {
                "Name": "memset_r",
                "TripCount": "3",
                "Latency": "2",
                "PipelineII": "",
                "PipelineDepth": "1"
              },
              {
                "Name": "memset_h",
                "TripCount": "3",
                "Latency": "2",
                "PipelineII": "",
                "PipelineDepth": "1"
              },
              {
                "Name": "Loop 3.4",
                "TripCount": "3",
                "Latency": "12",
                "PipelineII": "",
                "PipelineDepth": "4"
              }
            ]
          },
          {
            "Name": "Loop 4",
            "TripCount": "4",
            "Latency": "8",
            "PipelineII": "",
            "PipelineDepth": "2"
          }
        ],
        "Area": {
          "BRAM_18K": "5",
          "DSP48E": "9",
          "FF": "1796",
          "LUT": "1602",
          "URAM": "0"
        }
      }}
  },
  "Sdx": {
    "Target": "none",
    "ProfileOption": "0",
    "ProfileType": "none",
    "XO": "",
    "KernelName": "knnHLS",
    "EnableXoSwEmu": "1"
  },
  "GenData": {
    "DataVersion": "0.2",
    "Time": "2020-09-15 22:42:08 +0800",
    "ToolName": "vivado_hls",
    "ToolVersion": "2019.2"
  }
}
