1.86,-13.79,-48.38,0.15,-0.25,0.79,1,5
8.01,0.66,-45.44,0.49,-0.48,1.12,1,109
29.88,-2.27,-20.44,0.16,-0.18,0.85,1,214
18.66,3.31,-54.59,-0.12,0.01,0.8,1,318
-17.82,-62.34,-116.6,0.76,-0.26,1.25,1,422
-15.82,71.97,14.49,1.01,-0.63,1.17,1,527
-35.44,27.31,24.39,0.25,-0.22,0.73,1,631
-2.48,-21.9,25.97,-0.19,0.04,0.77,1,736
11.57,-15.12,-72.39,-0.12,-0.03,0.54,1,840
-48.72,-31.82,-87.85,1.3,-0.75,2,1,945
-19.12,99.5,54.76,0.35,-0.42,1.23,1,1049
-73.4,127.18,24.37,0.08,-0.1,1.08,1,1154
-31.5,113.85,59.76,-0.17,-0.33,0.89,1,1258
33.35,21.93,1.08,-0.1,-0.49,1.03,1,1362
1.83,140.02,33.69,-0.13,-0.37,0.74,1,1467
-6.94,101.1,31.92,-0.41,-0.22,0.45,1,1571
6.95,77.78,9.37,-0.67,-0.05,0.33,1,1676
-1.64,15.69,-44.79,-1.31,0.42,0.09,1,1780
66.69,-42.98,-124.73,-0.53,-0.24,0.39,1,1885
-45.48,51.95,22.93,-0.17,-0.54,0.84,1,1989
-39.13,14.84,15.88,-0.98,-0.1,0.37,1,2094
-12.17,38.18,-2.79,-1.17,0.15,0.25,1,2198
19.13,-3.23,-66.09,-1.06,0.14,0.05,1,2302
42.32,-15.89,-97.53,-0.46,-0.33,0.46,1,2407
-95.73,45.94,18.09,-0.29,-0.53,0.66,1,2511
3.68,-7.51,-27.58,-0.68,-0.14,0.1,1,2615
19.37,-101.63,-60.43,-0.72,-0.11,0.16,1,2720
-25.67,-153.5,-102.67,-0.35,-0.53,0.71,1,2825
23.67,-96.89,-102.74,-0.3,-0.71,0.88,1,2929
38.52,-124.24,-59.03,-0.14,-0.5,1.2,1,3034
37.28,-25.45,-10.81,-0.21,-0.9,1.51,1,3138
21.82,-41.15,-48.13,-0.49,0.09,0.64,1,3243
13.86,-64.83,-110.43,0.12,-0.18,0.72,1,3347
14.56,22.67,-11.09,1.03,-0.88,1.66,1,3451
-16.35,68.24,24.56,0.32,-0.29,0.89,1,3556
-24.21,-5.13,-22.31,-0.24,-0.11,0.59,1,3660
14.85,-50.92,-83.75,-0.25,0.05,0.53,1,3765
-102.36,-3.17,-53.41,1.07,-0.85,2,1,3869
-60.24,144.08,36.82,0.07,-0.33,1.13,1,3974
-16.84,117.66,21.4,-0.33,-0.42,0.92,1,4078
-39.31,108.79,55.44,0,-0.38,0.77,1,4183
28.15,85.73,59.05,-0.1,-0.25,0.58,1,4287
-21.6,143.34,48.8,-0.46,-0.03,0.33,1,4391
-8.71,50.98,-0.61,-0.62,-0.08,0.33,1,4496
-39.44,80.79,-3.17,-0.98,0.16,0.12,1,4600
38.81,-60.5,-106.95,-1.18,0.39,0.07,1,4705
126.79,-81.79,-94.21,0.08,-1.27,1.54,1,4809
-50.4,66.64,33.69,-0.7,-0.3,0.34,1,4914
-21.1,18.22,-9.66,-1.22,0.2,0.02,1,5018
25.13,-37.97,-81.34,-1.1,0.24,-0.06,1,5123
41.82,-57.47,-109.95,-0.23,-0.39,0.45,1,5227
-106.57,54.1,31.77,-0.38,-0.55,0.5,1,5331
3.21,-43.03,-17.96,-0.74,-0.05,0.14,1,5436
1.91,-123.04,-50.11,-0.68,-0.04,0.45,1,5540
-42.35,-98.77,-88.93,-0.47,-0.65,0.76,1,5645
-27.32,-96.33,-66.82,-0.49,-0.82,1.08,1,5749
10.63,-39.62,4.43,-0.32,-0.74,1.21,1,5854
18.82,-36.26,-64.02,-0.59,-0.01,0.68,1,5958
69.03,-55.91,-123.16,-0.08,-0.16,0.56,1,6063
39.33,47.41,10.27,1.05,-1.2,1.88,1,6167
-9.29,32.79,33.18,0.13,-0.27,0.74,1,6272
-65.71,-13.5,-27.05,-0.39,-0.17,0.75,1,6376
-2.5,8.21,-84.85,-0.32,0.01,0.44,1,6480
-83.62,16.03,-56.18,1.02,-1.5,2,1,6585
-75.8,105.74,69.56,-0.18,-0.53,0.95,1,6689
26.13,43.16,58.52,-0.28,-0.74,0.93,1,6794
23.34,72.16,77.09,-0.38,-0.73,0.93,1,6898
26.98,72.68,59.57,-0.07,-0.22,0.48,1,7003
-16.87,61.54,35.31,-0.39,-0.36,0.59,1,7107
-19.9,71.4,28.49,-0.62,-0.15,0.36,1,7212
-3.27,36.09,-21.33,-1.13,0.32,-0.02,1,7316
3.15,-49.6,-105.6,-0.73,-0.02,0.12,1,7420
11.02,48.79,18.24,-0.04,-0.68,1.19,1,7525
-12.25,56.08,41.7,-0.95,-0.03,0.22,1,7629
-11.6,6.78,-44.05,-1.34,0.36,-0.11,1,7734
24.22,-55.5,-113.33,-0.86,0.1,0.08,1,7838
76.6,-52.67,-57.56,0.07,-0.74,1.3,1,7943
10.43,-3.24,9.49,-0.6,-0.28,0.12,1,8047
3.86,-66.34,-29.47,-0.74,-0.2,0.21,1,8152
12.79,-72.72,-57.47,-0.68,-0.13,0.45,1,8256
6.12,-146.78,-72.36,-0.45,-0.2,0.94,1,8360
-29.38,-107.21,-109.31,-0.41,-0.4,1.08,1,8465
-5.5,-56.27,-68.17,-0.35,-0.87,1.26,1,8569
23.36,-19.85,-46.34,-0.62,-0.11,0.58,1,8674
-5.09,-119.51,-100.17,0.24,-0.82,1.38,1,8778
26.46,66.6,46.55,0.5,-0.54,1.22,1,8883
-21.15,1.11,23.15,-0.14,-0.27,0.53,1,8987
-36.94,-29.81,-75.63,-0.67,0.18,0.6,1,9092
-32.11,-115.18,-165.64,0.49,-1.51,1.89,1,9196
17.06,109.01,89.81,0.07,-0.58,1.32,1,9300
-14.55,83.79,50.18,0.01,-0.56,1.05,1,9405
21.36,110.95,74.13,-0.05,-0.42,0.72,1,9509
-26.11,127.34,44.36,-0.27,-0.1,0.67,1,9614
-25.48,60.69,9.46,-0.51,-0.17,0.5,1,9718
-12.82,68.08,-1.44,-0.55,-0.22,0.46,1,9823
-6.8,41.99,-14.37,-1.18,0.24,-0.03,1,9927
3.98,-59.24,-125.1,-0.67,-0.09,0.31,1,10032
-53.79,67.1,9.62,-0.15,-0.61,0.98,1,10136
-17.66,76.24,38.66,-1.03,-0.04,0.2,1,10241
36.4,43.35,-27.91,-1.28,0.26,-0.33,1,10345
30.24,-83.39,-107.27,-0.66,0,0.04,1,10449
-15.3,-29.25,-19.94,-0.02,-0.64,1.03,1,10554
-4.74,-18.24,-18.11,-0.59,-0.16,0.08,1,10658
12.68,-94.08,-76.56,-0.59,-0.24,0.45,1,10763
15.69,-137.2,-74.54,-0.65,-0.39,1.04,1,10867
-7.58,-79.88,-46.37,-0.51,-0.43,0.96,1,10972
-18.11,-58.59,-56.02,-0.3,-0.86,1.1,1,11076
-3.73,-35.56,-16.68,-0.47,-0.43,0.81,1,11181
4.57,-27.3,-98.4,-0.57,-0.02,0.75,1,11285
45.04,-126.95,-112.42,0.51,-0.84,1.44,1,11389
36.85,63.53,77.89,0.25,-0.51,0.99,1,11494
26.88,-9.08,28.56,-0.31,-0.21,0.47,1,11598
-0.44,-69,-52.28,-0.55,-0.07,0.64,1,11703
18.76,-75.42,-74.07,0.64,-0.9,1.92,1,11807
-66.57,132.13,56.93,0.21,-0.5,1.29,1,11912
-53.61,-7.19,78.78,-0.09,-0.41,0.62,1,12016
16.87,149.47,82.92,-0.41,-0.33,0.66,1,12121
-1.6,98.8,42.76,-0.44,-0.23,0.5,1,12225
14.38,30.04,8.5,-0.45,-0.28,0.45,1,12329
4.43,38.43,6.18,-0.53,-0.33,0.49,1,12434
24.76,45.09,0.01,-0.76,-0.05,0.29,1,12538
-13.89,-16.47,-65.85,-1.22,0.16,0.15,1,12643
77.52,-60.13,-86.46,-0.05,-0.91,1.4,1,12747
-27.84,74.53,37.53,-0.57,-0.31,0.36,1,12852
-42.56,18.55,7.85,-1.04,0.03,0.23,1,12956
-2.89,3.64,-37.31,-1.38,0.3,-0.13,1,13061
16.42,-70.18,-127.08,-0.65,-0.01,0.18,1,13165
10.21,35.52,14.23,-0.02,-0.78,0.87,1,13271
-13.43,16.96,-13.55,-0.62,-0.06,0.11,1,13375
-3.42,-91.04,-87.98,-0.62,-0.24,0.44,1,13479
79.15,-109.58,-73.05,-0.68,-0.52,0.7,1,13584
-1.92,-105.72,-43.99,-0.64,-0.47,0.78,1,13688
-5.82,-47.4,-59.76,-0.59,-0.57,0.96,1,13793
17.7,-19,-50.8,-0.53,-0.48,0.86,1,13897
-1.83,-113.29,-110.76,-0.62,0.01,0.5,1,14002
63.71,-52.15,-59.07,0.81,-1.28,1.74,1,14106
21.32,44.09,55.56,0.3,-0.5,0.97,1,14211
-30.52,6.42,-7.11,-0.47,-0.21,0.48,1,14315
-17,-27.42,-57.47,-0.58,-0.01,0.54,1,14419
-7.09,-29.85,-59.96,0.7,-1.84,2,1,14524
-68.73,109.95,59.89,-0.12,-0.61,1.17,1,14628
-36.6,83.15,62.53,-0.36,-0.43,0.64,1,14733
27.51,5.59,37.38,-0.36,-0.41,0.61,1,14837
1.73,40.15,41.76,-0.33,-0.31,0.63,1,14942
-4.47,47.35,12.14,-0.52,-0.19,0.63,1,15046
12.33,48.6,-5.02,-0.52,-0.24,0.6,1,15151
37.59,60.68,-15.26,-0.98,0.05,0.27,1,15255
22.41,-17.53,-110.71,-0.84,-0.01,0.25,1,15360
9.52,12.24,-7.19,-0.03,-0.58,1.24,1,15464
-22.76,42.66,34.98,-0.89,-0.03,0.35,1,15568
1.78,28.98,-30.8,-1.3,0.29,0.06,1,15673
3.46,-2.87,-111.66,-0.76,0.05,-0.04,1,15777
65.25,-101.71,-53.4,0.15,-0.91,1.18,1,15882
24.15,-45.02,2.55,-0.45,-0.33,0.45,1,15986
-0.98,-70.3,-25.84,-0.71,-0.39,0.51,1,16091
-1.11,-79.08,-66.19,-0.65,-0.22,0.62,1,16195
27.5,-102.47,-77.15,-0.42,-0.33,0.84,1,16300
-2.36,-60.91,-65.45,-0.38,-0.73,1.26,1,16404
-6.17,-5.04,-44.25,-0.29,-0.66,1.05,1,16508
3.93,-31.21,-55.73,-0.49,-0.29,0.76,1,16613
26.32,-115,-108.89,0.29,-0.6,1.06,1,16717
32.17,50.62,68.96,0.52,-0.75,1.2,1,16822
0.14,21.92,8.31,-0.33,0.06,0.5,1,16926
-43.05,-51.43,-148.4,-0.27,-0.01,0.59,1,17031
25.32,66.02,46.88,0.69,-1.43,1.82,1,17135
-10.15,85.58,65.59,-0.06,-0.49,1.08,1,17240
-21.21,60.46,39.76,-0.2,-0.52,0.87,1,17345
10.36,69.92,40.94,-0.32,-0.37,0.67,1,17449
-27.95,66.89,33.31,-0.48,-0.22,0.64,1,17554
-1.4,52.82,3.99,-0.47,-0.35,0.7,1,17658
1.81,62.82,11.47,-0.53,-0.3,0.57,1,17763
-20.46,50.98,-2.85,-0.74,-0.09,0.35,1,17867
-8.58,17.65,-28.7,-0.96,-0.03,0.24,1,17972
10.21,-32.02,-88.02,-0.98,0.09,0.16,1,18076
116.5,-60.66,-63.25,0.08,-1.18,1.39,1,18181
-67.56,54.5,42.21,-0.71,-0.31,0.46,1,18285
-5.16,25.85,-5.39,-1.23,0.15,0.08,1,18390
38.25,-54.67,-106.74,-1.04,0.19,-0.05,1,18494
60.73,-90.04,-113.18,-0.08,-0.88,0.81,1,18598
-67.08,19.29,11.07,-0.53,-0.38,0.49,1,18703
3.99,-36.88,-35.2,-0.68,-0.24,0.38,1,18807
25.04,-55.83,-43.18,-0.55,-0.4,0.66,1,18912
19.51,-96.37,-33.43,-0.58,-0.41,0.64,1,19016
5.52,-101.43,-69.4,-0.47,-0.42,1.01,1,19121
-4.44,-97.65,-67.64,-0.34,-0.42,0.86,1,19225
25.24,-53.4,-37.77,-0.35,-0.7,1.07,1,19330
15.6,-11.84,-35.95,-0.67,-0.02,0.93,1,19434
2.85,-40.8,-122.73,0.03,-0.39,0.81,1,19538
36.44,41.42,40.34,0.47,-1.1,1.47,1,19643
32.63,-15.71,54.37,-0.08,-0.52,0.68,1,19747
-26.06,-17.81,-13.36,-0.58,0.34,0.62,1,19852
-9.2,-81.06,-132.77,-0.22,-0.28,0.87,1,19956
2.62,99.29,55.31,0.4,-1.06,1.43,1,20061
-39.51,54.96,40,-0.29,-0.38,0.85,1,20165
-30.14,64.82,49.55,-0.3,-0.57,1.03,1,20270
-16.56,98.5,48.69,-0.27,-0.44,0.78,1,20374
1.3,82.15,36.05,-0.42,-0.27,0.57,1,20478
14.28,58.76,29.53,-0.47,-0.35,0.55,1,20583
-8.63,55.69,12.1,-0.84,-0.03,0.41,1,20687
8.25,14.13,-78.09,-1.1,0.1,0.19,1,20792
18.56,-88.17,-104.53,-0.41,-0.51,0.65,1,20897
-65.33,70.08,59.6,-0.44,-0.42,0.7,1,21002
-63.05,-1.34,27.86,-0.99,0.06,0.22,1,21106
7.76,-14.63,-55.85,-1.21,0.17,0.41,1,21211
37.79,37.3,-105.5,-0.65,-0.11,0.18,1,21315
22.21,-1.79,-7.34,0.07,-0.9,0.9,1,21420
0.09,-29.32,8.03,-0.61,-0.18,0.29,1,21524
0.27,-70.34,-61.62,-0.72,-0.15,0.44,1,21628
20.75,-72.72,-96.17,-0.51,-0.4,0.65,1,21733
41.21,-80.62,-121.53,-0.33,-0.7,0.88,1,21837
26.35,-82.45,-93.24,-0.27,-0.83,1.06,1,21942
15.53,-11.08,-8.29,-0.26,-0.67,1.13,1,22046
18.19,-1.66,-4.82,-0.35,-0.25,0.79,1,22151
17.11,-39.88,-108.3,-0.26,-0.17,0.71,1,22255
39.81,-48.38,-53.82,0.58,-1.06,1.61,1,22360
2.93,37.37,76.19,0.53,-0.46,1,1,22464
-27.38,3.43,-6.08,-0.37,0.18,0.68,1,22568
-9.87,-28.68,-120.96,-0.14,-0.19,0.61,1,22673
9.1,13.95,-4.99,0.81,-1.32,2,1,22777
-27.37,85.9,41.35,0.04,-0.35,0.93,1,22882
-20.47,43.22,14.89,-0.23,-0.45,0.73,1,22986
18.11,49.46,24.43,-0.22,-0.5,0.96,1,23091
24.12,55.58,5.78,-0.3,-0.47,0.85,1,23195
3.6,94.98,31.28,-0.37,-0.35,0.63,1,23300
-15.92,61.17,29.66,-0.51,-0.31,0.5,1,23404
-11.55,43.14,18.59,-0.64,-0.2,0.41,1,23508
4.07,3.1,-26.85,-0.93,-0.01,0.26,1,23613
67.27,-12.53,-84.47,-0.75,-0.08,0.27,1,23717
-52.79,32.48,-8.62,-0.06,-0.69,1.21,1,23822
-40.56,58.15,35.73,-0.88,-0.19,0.39,1,23926
26.13,35.29,-21.82,-1.29,0.24,-0.07,1,24031
32.91,-59.6,-114.31,-0.71,-0.04,0.1,1,24135
-35.46,-70.37,-59.9,-0.13,-0.45,0.62,1,24240
-6.78,-32.85,-41.77,-0.44,-0.19,0.42,1,24344
14.02,-85.54,-39.62,-0.5,-0.48,0.73,1,24449
4.82,-74.16,-42.63,-0.35,-0.52,0.87,1,24553
-9.62,-77.95,-33.53,-0.32,-0.6,0.95,1,24657
2.34,-83.63,-53.55,-0.3,-0.59,1.12,1,24762
-7.86,-44.51,-37.13,-0.23,-0.71,1.26,1,24866
-14.18,3.95,-7.82,-0.31,-0.3,0.93,1,24971
-23.83,-28.52,-111.07,-0.32,-0.09,0.72,1,25075
24.84,-70.47,-72.88,0.68,-1.06,1.89,1,25180
8.94,62.44,56.92,0.16,-0.44,0.88,1,25284
-15.44,13.37,-4.59,-0.48,0.12,0.38,1,25389
20.21,-70,-128.29,-0.28,0.08,0.33,1,25493
-4.84,61.32,35.24,0.72,-1.56,2,1,25597
-59.25,70.27,49.05,-0.26,-0.66,1.42,1,25702
-6.53,80.71,47.77,-0.03,-0.6,1,1,25806
6.34,162.95,73.02,-0.24,-0.32,0.47,1,25911
9.14,57.65,19.65,-0.43,-0.22,0.29,1,26015
-0.55,17.92,-3.17,-0.59,-0.23,0.42,1,26120
-9.86,14.5,-1.47,-0.69,-0.21,0.45,1,26224
-0.11,1.05,-30.36,-0.99,0.01,0.24,1,26329
37.57,-40.32,-96.5,-0.82,-0.03,0.37,1,26433
31.07,25.14,-10.62,0.01,-0.7,1.34,1,26537
-55.16,62.05,44.46,-0.93,-0.01,0.32,1,26642
5.6,6.96,-52.18,-1.31,0.44,-0.07,1,26746
21.87,-40.39,-121.12,-0.3,-0.58,0.54,1,26851
-70.97,68.47,48.92,-0.43,-0.6,0.52,1,26956
5.6,-35.04,-16.24,-0.68,-0.02,0.11,1,27061
12.04,-71.69,-81.83,-0.66,-0.21,0.49,1,27165
18.78,-89.4,-91.35,-0.54,-0.51,0.82,1,27270
3.31,-94.13,-68.18,-0.36,-0.48,0.82,1,27374
21.41,-81.24,-52.11,-0.35,-0.51,0.93,1,27479
9.31,-60.89,-42.18,-0.14,-0.83,1.58,1,27583
9.02,-12.43,21.85,-0.31,-0.33,0.75,1,27687
19.37,-74.14,-86.84,-0.34,-0.04,0.78,1,27792
-1.37,-108.18,-109.47,0.75,-0.71,1.76,1,27896
22.07,63.27,66.5,0.33,-0.41,0.82,1,28001
-38.98,5.72,2.35,-0.48,0.21,0.53,1,28105
-1.11,-65.41,-122.62,-0.09,-0.15,0.59,1,28210
46.47,81.77,71.34,0.55,-0.99,1.58,1,28314
1.47,97.17,23.34,-0.21,-0.32,0.91,1,28419
-26.41,52.78,22.41,-0.35,-0.51,1.07,1,28523
-11.96,119.2,46.49,-0.28,-0.36,0.86,1,28627
-10.13,90.25,17.18,-0.3,-0.17,0.56,1,28732
-31.12,61.5,11.08,-0.51,-0.21,0.5,1,28836
-6.05,31.4,5.08,-0.62,-0.21,0.4,1,28941
-4.63,-1.8,-33,-0.83,-0.01,0.23,1,29045
10.22,-60.7,-115.42,-0.71,-0.07,0.39,1,29150
35.5,38.76,-16.25,0.01,-0.69,1.37,1,29254
-40.08,51.11,44.26,-0.85,-0.08,0.29,1,29359
1.25,0.04,-39.69,-1.28,0.29,0.02,1,29463
12.28,-16.51,-104.88,-0.55,-0.12,0.27,1,29568
-46.72,-15.82,-12.77,-0.04,-0.73,0.88,1,29672
-7.03,-60.92,-41.3,-0.48,-0.1,0.29,1,29776
-3.14,-107.3,-56.51,-0.46,-0.31,0.78,1,29881
7.18,-76.63,-64.21,-0.28,-0.59,1.01,1,29985
-0.87,-91.03,-49.63,-0.2,-0.42,1.03,1,30090
24.17,-89.82,-68.35,-0.05,-0.59,1.19,1,30194
3.18,-32.56,-21.51,-0.13,-0.45,1.03,1,30299
-8.31,-6.82,-68.97,-0.34,-0.1,0.74,1,30403
-45.57,-79.89,-100.6,0.74,-0.8,1.44,1,30508
32.82,71.21,77.67,0.45,-0.46,0.92,1,30612
8.52,7.45,-12.12,-0.42,0.16,0.57,1,30716
-31.04,-81.9,-118.81,0,0,0.65,1,30821
44.01,107.18,66.98,0.82,-1.25,1.38,1,30925
-6.93,79.45,39.12,-0.19,-0.42,0.97,1,31030
-18.56,74.24,45.52,-0.08,-0.77,1.18,1,31134
-6.27,90.26,59.31,-0.08,-0.55,0.91,1,31239
-24.45,74.26,55.65,-0.1,-0.44,0.69,1,31344
-16.45,73.96,40.66,-0.34,-0.28,0.55,1,31449
-26.37,60.56,20,-0.68,-0.14,0.46,1,31553
-5.08,41.55,-12.95,-0.92,-0.01,0.19,1,31657
-0.36,-39.44,-91.81,-0.7,-0.08,0.38,1,31762
-7.68,69.31,20.51,-0.14,-0.73,1.13,1,31866
-46.58,68.8,30.85,-1.01,0,0.25,1,31971
10.22,-17.42,-67.46,-1.25,0.18,-0.08,1,32075
47.5,-82.18,-99.18,-0.11,-0.84,0.83,1,32180
-58.31,4.73,3.48,-0.43,-0.29,0.5,1,32284
-8.17,-47.73,-63.98,-0.71,-0.27,0.37,1,32389
29.33,-99.08,-70.63,-0.51,-0.51,0.78,1,32493
-17.38,-95.11,-62.52,-0.4,-0.56,0.84,1,32598
44.33,-86.9,-53.79,-0.3,-0.69,1.04,1,32702
36.85,-40.12,-31.24,-0.33,-0.55,1.01,1,32806
-5.56,-32.96,-48.17,-0.42,-0.34,0.95,1,32911
14.99,-48.9,-100.28,-0.13,-0.2,0.62,1,33015
-20.18,7,-13.03,0.94,-1.09,1.8,1,33120
-5.43,33.93,40.2,0.12,-0.49,0.69,1,33224
-47.65,-22.53,-49.76,-0.47,0.14,0.72,1,33329
33.53,23.13,-118.21,-0.12,-0.07,0.57,1,33433
-3.05,53.91,12.76,0.89,-1.44,1.92,1,33538
-46.74,75.31,41.04,-0.33,-0.47,1,1,33642
-88.87,52.69,56.37,-0.18,-0.51,1,1,33746
42.71,83.05,55.6,-0.11,-0.52,0.73,1,33851
40.56,46.28,40,-0.22,-0.28,0.48,1,33955
-32.51,57.56,24.56,-0.43,-0.23,0.43,1,34060
0.79,25.05,-7.86,-0.73,-0.22,0.5,1,34164
8.53,16.38,-20.25,-0.97,-0.14,0.5,1,34269
44.36,25.26,-63.7,-0.91,-0.08,0.26,1,34373
70.47,-55.66,-61.4,0.08,-1.15,1.39,1,34478
-68.33,54.84,43.85,-0.73,-0.21,0.43,1,34582
5.6,24.36,-10.66,-1.36,0.24,0,1,34686
27.33,-42.92,-104.46,-0.84,0.05,0.03,1,34791
54.99,-78.37,-59.87,0.17,-0.82,1.03,1,34895
-6.68,-15.95,-5.27,-0.43,-0.28,0.35,1,35000
-1.3,-101.44,-38.98,-0.73,-0.31,0.49,1,35104
0.25,-75.08,-76.63,-0.54,-0.27,0.88,1,35209
-13.74,-68.78,-88.95,-0.45,-0.51,0.92,1,35314
10.92,-37.77,-63.45,-0.39,-0.61,0.95,1,35419
16.47,-20.89,-38.21,-0.41,-0.54,0.88,1,35523
12.01,-25.62,-10.31,-0.25,-0.57,0.93,1,35628
8.67,-35.91,-42.02,-0.48,-0.16,0.69,1,35732
42.21,-44.37,-99.24,-0.08,-0.31,0.61,1,35836
7.14,42.29,14.02,0.65,-1.11,1.68,1,35941
17.27,24.45,42.02,-0.08,-0.39,0.63,1,36045
-18.03,-22.17,-48.18,-0.53,0.17,0.68,1,36150
48.61,-59.56,-94.11,0.05,-0.6,1.16,1,36254
16.24,84.6,57.44,0.07,-0.64,1.24,1,36359
-19.85,63.13,26.63,-0.29,-0.52,1.03,1,36463
-28.14,36.15,34.08,-0.33,-0.7,1.02,1,36568
-21.79,70.11,51.62,-0.32,-0.4,0.78,1,36672
-55.57,81.31,38.89,-0.41,-0.16,0.76,1,36776
-18.35,60.27,31.65,-0.43,-0.28,0.55,1,36881
-15.01,34.98,12.96,-0.52,-0.28,0.44,1,36985
-40.77,9.5,-19.89,-1.06,0.29,0.3,1,37090
73.73,6.37,-107.75,-0.91,0.06,0.22,1,37194
11.69,-19.73,-39.98,0.26,-0.92,1.55,1,37299
-79.74,45.8,50.53,-0.86,-0.08,0.29,1,37403
-6.69,-4.92,-35.35,-1.3,0.33,0.11,1,37508
59.02,-43.36,-113.69,-0.57,-0.09,0.24,1,37612
-46.17,25.6,4.73,-0.21,-0.62,0.82,1,37716
-2.05,-7.9,-25.98,-0.69,-0.05,0.15,1,37821
-1.59,-112.15,-80.85,-0.56,-0.36,0.57,1,37925
-22.21,-80.17,-70.61,-0.44,-0.45,0.85,1,38030
3.11,-89.37,-75.19,-0.3,-0.5,0.93,1,38134
-0.93,-64.32,-64.47,-0.22,-0.65,1.17,1,38239
-2.98,-22.92,-31.57,-0.27,-0.65,1.06,1,38343
-8.05,9.31,-37.96,-0.44,-0.19,0.86,1,38448
14.58,-4.76,-84.78,-0.3,-0.21,0.66,1,38552
-22.08,-42.44,-51.86,0.93,-0.92,1.89,1,38657
-37.01,34.76,39.72,0.17,-0.42,0.87,1,38761
-51.02,-2.39,-1.4,-0.53,0.11,0.63,1,38865
48.52,-12.4,-97.92,-0.34,-0.03,0.4,1,38970
-34.02,4.57,-20.6,0.8,-1.37,2,1,39074
-67.17,56.01,20.78,-0.21,-0.43,1.06,1,39179
-39.26,82.65,16.8,-0.19,-0.5,1.04,1,39283
-18.78,84.02,46.93,-0.26,-0.43,0.73,1,39389
15.53,49.81,27.41,-0.4,-0.25,0.55,1,39493
55.27,39.05,4.18,-0.36,-0.47,0.6,1,39598
-6.99,45.89,24.69,-0.51,-0.37,0.55,1,39702
11.8,44.11,7.23,-0.71,-0.18,0.38,1,39806
16.37,26.34,-39.99,-1.13,0.21,0.1,1,39911
29.98,-21.71,-125.88,-0.67,-0.13,0.25,1,40015
-71.97,65.6,7.91,-0.01,-0.83,1.16,1,40120
-49.89,42.92,50.37,-1,-0.09,0.17,1,40224
-9.66,-12.37,-52.53,-1.27,0.26,0.1,1,40329
14.47,-22.42,-131.39,-0.35,-0.33,0.33,1,40433
-52.36,3.11,23.89,-0.29,-0.52,0.54,1,40538
9.77,-61.79,-15.45,-0.62,-0.19,0.26,1,40642
-0.73,-111.35,-52.59,-0.53,-0.37,0.7,1,40747
-14.89,-111.67,-73.09,-0.47,-0.4,0.88,1,40851
-2.83,-80.25,-29.36,-0.35,-0.46,1.13,1,40955
15.89,-57.85,-41.19,-0.3,-0.65,1.28,1,41060
6.54,17.43,-6.47,-0.18,-0.54,1.15,1,41164
0.53,8.73,-15.02,-0.38,-0.07,0.74,1,41269
0.86,-23.67,-139.95,-0.17,-0.15,0.62,1,41373
-2.19,0.02,-48.69,1.09,-1.27,1.8,1,41478
-35.92,12.38,45.89,0,-0.33,0.76,1,41582
-42.38,-7.79,-49.77,-0.71,0.21,0.64,1,41687
17.98,-13.95,-110.27,-0.07,-0.15,0.58,1,41791
9.08,103.47,42.2,0.65,-1.51,1.65,1,41895
-24.94,93.02,60.74,-0.36,-0.37,0.79,1,42000
-47.84,117.91,44.85,-0.37,-0.8,0.99,1,42104
-7.08,92.34,34.61,-0.4,-0.58,0.69,1,42209
15.83,50.69,-11.18,-0.49,-0.31,0.56,1,42313
-37.54,62.62,9.61,-0.52,-0.36,0.47,1,42418
-8.85,37.65,3.1,-0.68,-0.31,0.4,1,42522
4.54,1.73,-14.9,-0.72,-0.32,0.33,1,42627
-21.44,-38.5,-62.54,-1.13,0.1,0.27,1,42731
66.15,-42.13,-97.18,-0.81,-0.08,0.22,1,42835
-64.81,91.13,23.6,-0.14,-0.74,0.94,1,42940
-61.64,52.24,30.03,-1.1,0,0.15,1,43044
16.48,-22.54,-69.73,-1.27,0.15,-0.16,1,43149
60.23,-99.84,-117.97,0.05,-0.81,0.88,1,43253
-25.66,0.15,1.63,-0.39,-0.38,0.45,1,43358
3.05,-61.11,-62.04,-0.52,-0.32,0.29,1,43462
-23.35,-83,-37.45,-0.33,-0.6,0.96,1,43567
-12.88,-75.28,-42.31,-0.31,-0.55,0.96,1,43671
-23.89,-59.38,-40.1,-0.36,-0.78,1.11,1,43777
7.85,-25.53,-14.64,-0.31,-0.6,0.94,1,43881
22.48,-21.36,-30.33,-0.31,-0.41,0.91,1,43985
-7.91,19.3,-27.74,-0.36,-0.35,1.07,1,44090
-6.01,1.82,-123.96,-0.28,-0.25,0.51,1,44194
-11.27,45.27,18.2,0.84,-1.39,1.62,1,44299
-3.61,32.68,41.06,-0.09,-0.26,0.58,1,44403
-17.71,-18.12,-83.5,-0.76,0.15,0.51,1,44508
6.37,-138.31,-111.56,0.47,-0.95,1.58,1,44612
-20.6,44.37,64.75,-0.05,-0.43,1.06,1,44717
-51.51,13.29,29.42,-0.46,-0.45,1.03,1,44821
-20.7,45.64,46.95,-0.32,-0.57,0.8,1,44925
-2.76,76.84,49.89,-0.42,-0.42,0.7,1,45030
6.44,22.84,28.24,-0.38,-0.42,0.67,1,45134
7.06,37.24,30.19,-0.42,-0.36,0.52,1,45239
20.53,47.46,-3.06,-0.71,-0.13,0.42,1,45343
6.08,12.19,-62.84,-1.09,0.1,0.38,1,45448
85.9,0.68,-121.71,-0.49,-0.5,0.53,1,45552
-33.8,102.76,27.85,-0.27,-0.89,0.81,1,45657
-69.6,29.18,32.24,-1.03,-0.1,0.24,1,45761
-13.84,15.71,-42.34,-1.34,0.18,-0.03,1,45865
22.7,-36.14,-114.6,-0.31,-0.53,0.44,1,45970
-11.26,-20.26,-6.05,-0.03,-0.6,0.53,1,46074
28.66,-74.07,-56.89,-0.58,-0.19,0.25,1,46179
60.52,-109.11,-66.79,-0.45,-0.7,0.93,1,46283
8.25,-74.82,-55.75,-0.43,-0.65,0.86,1,46388
17.46,-73.85,-42.63,-0.34,-0.61,0.87,1,46492
11.44,-75.62,-56.55,-0.22,-0.59,0.93,1,46597
24.72,-65.59,-50.83,-0.12,-0.78,1.14,1,46701
4,-14.7,3.8,-0.15,-0.47,1.02,1,46806
0.15,-44.41,-81.9,-0.22,-0.26,0.99,1,46910
22.89,-53.93,-71.53,0.41,-0.78,1.11,1,47014
3.15,66.7,59.45,0.47,-0.74,0.93,1,47119
0.95,22.17,30.02,-0.62,0.19,0.62,1,47223
-9.79,-23.31,-114.63,-0.34,-0.08,0.54,1,47328
6.44,-14.27,-43.59,0.95,-1.45,2,1,47432
-32.5,79.24,68.73,-0.18,-0.47,1.07,1,47537
-34.75,55.15,34.78,-0.1,-0.51,0.82,1,47642
22,73.63,72.76,-0.18,-0.45,0.78,1,47747
8.38,55.21,36.05,-0.42,-0.19,0.61,1,47851
-3.52,53.02,7.27,-0.48,-0.31,0.59,1,47955
-7.32,49.44,13.85,-0.5,-0.29,0.53,1,48060
9.09,44.37,-4.96,-0.68,-0.12,0.33,1,48163
20.02,-1.81,-107.03,-1.18,0.27,0.27,1,48269
79.5,-37.87,-110.31,-0.24,-0.95,1.03,1,48373
-20.04,80.79,66.26,-0.47,-0.53,0.56,1,48478
-33.85,11.01,24.77,-1.28,0.12,0.2,1,48582
20.86,2.53,-85.38,-1.06,0.16,0.12,1,48687
31.77,-98.02,-112.27,-0.03,-0.94,0.93,1,48791
-10.82,-7.37,14.03,-0.41,-0.34,0.28,1,48896
4.55,-88.83,-49,-0.63,-0.36,0.44,1,49000
12.11,-77.25,-58.42,-0.48,-0.53,0.82,1,49104
-8.72,-96.75,-51.85,-0.46,-0.45,0.79,1,49209
11.31,-93.21,-59.31,-0.25,-0.54,1.01,1,49313
15.47,-40.4,-40.89,-0.09,-0.73,1.33,1,49418
-1.79,5.4,-28.58,-0.42,-0.32,0.91,1,49522
-16.1,-26.47,-122.21,-0.22,-0.2,0.71,1,49627
44.12,-92.1,-72.74,0.92,-1.02,1.47,1,49731
19.49,48.02,83.11,0.39,-0.54,0.86,1,49836
-27.31,20.77,-17.09,-0.6,0.3,0.65,1,49940
-31.84,-5.44,-137.12,-0.15,-0.18,0.7,1,50044
-35.06,22.08,-40.41,0.81,-1.45,1.87,1,50149
-42.03,78.89,61.24,-0.12,-0.57,1.04,1,50253
-40.18,63.01,36.16,-0.27,-0.57,1.11,1,50358
8.87,62.21,59.02,-0.24,-0.51,0.68,1,50462
4.04,39.84,34.89,-0.42,-0.36,0.57,1,50567
5.66,12.9,17.29,-0.44,-0.32,0.62,1,50671
-6.29,48.25,24.64,-0.42,-0.35,0.67,1,50776
-20.51,55.56,3.72,-0.71,-0.12,0.4,1,50880
-13.06,1.35,-65.78,-1.09,0.17,0.42,1,50984
41.21,51.44,-108.72,-0.63,-0.32,0.34,1,51089
9.53,29.56,0.35,0.16,-1.22,1.08,1,51193
-45.85,50.18,59.54,-0.8,-0.25,0.28,1,51298
-13.77,-7.16,-23.89,-1.43,0.26,0.13,1,51402
41.71,-16.24,-104.92,-0.77,0.03,0.03,1,51507
4.29,-79.68,-51.04,0.36,-0.93,1.07,1,51611
-18.14,-14.47,5.92,-0.44,-0.04,0.33,1,51716
12.53,-108.31,-66.35,-0.72,-0.26,0.52,1,51820
-1.08,-117.5,-88.68,-0.45,-0.6,0.95,1,51926
27.91,-93.32,-42.39,-0.26,-0.45,0.97,1,52030
9.27,-71.01,-60.32,-0.26,-0.55,1.03,1,52134
3.59,-27.88,-28.3,-0.13,-0.63,1.11,1,52239
0.21,-11.27,-37.67,-0.4,-0.2,0.87,1,52343
-34.71,-37.18,-103.37,-0.1,-0.27,0.49,1,52448
14.37,-21.88,-33.3,0.91,-1.16,1.75,1,52552
2.4,39.34,58.92,0.14,-0.46,0.84,1,52657
-26.42,6.42,-35.3,-0.6,0.07,0.72,1,52761
18.06,-20.88,-112.73,-0.04,-0.26,0.52,1,52866
4.76,10.47,-4.37,0.71,-1.3,1.72,1,52970
-31.31,69.61,36.08,-0.07,-0.55,1.07,1,53074
-50.5,83.82,34.71,-0.16,-0.5,0.95,1,53179
-25.54,82.05,57.14,-0.28,-0.39,0.73,1,53283
3.05,49.85,18.31,-0.35,-0.32,0.69,1,53388
5.63,87.05,16.58,-0.41,-0.38,0.65,1,53492
4.14,52.19,4.32,-0.48,-0.31,0.53,1,53597
12.39,37.52,-16.15,-0.85,-0.07,0.16,1,53701
17.24,-15.82,-70.06,-1.08,0.04,0.1,1,53806
1,-71.59,-99.56,-0.15,-0.87,1.09,1,53910
-40.6,93.9,77.33,-0.53,-0.51,0.65,1,54014
-39.28,28.54,16.53,-1.25,0.06,0.12,1,54119
8.36,-5.35,-93.51,-1.15,0.14,0.05,1,54223
37.98,-47.11,-113.09,-0.04,-0.9,0.79,1,54328
-9.69,42.66,49.08,-0.38,-0.55,0.36,1,54432
-4.18,-55.82,-24.23,-0.61,-0.3,0.21,1,54537
7.52,-104.19,-54.05,-0.54,-0.29,0.75,1,54641
0.33,-68.46,-68.25,-0.51,-0.47,0.91,1,54746
2.47,-73.12,-73.19,-0.43,-0.59,0.91,1,54850
-2.27,-34.11,-53.6,-0.24,-0.9,1.25,1,54955
-13.1,-9.55,-30.03,-0.55,-0.35,0.84,1,55059
22.8,-17.13,-85.01,-0.42,-0.27,0.7,1,55163
83.41,-85.33,-72.72,0.69,-1.14,1.45,1,55268
19.53,58.38,70.48,0.29,-0.46,1.02,1,55372
-24.08,-0.89,10.64,-0.38,-0.21,0.62,1,55477
-1.06,-5.99,-30.44,-0.72,0.05,0.63,1,55581
49.19,-33.76,-96.66,-0.19,-0.13,0.4,1,55686
40.85,94.01,74.92,0.52,-1.42,1.75,1,55790
-4.8,-0.53,54.63,-0.61,-0.58,1.09,1,55895
-1.98,53.03,58.5,-0.27,-0.43,0.88,1,55999
-0.11,69.6,59.99,-0.42,-0.35,0.69,1,56103
-17.73,87.51,34.82,-0.47,-0.26,0.53,1,56208
-23.95,65.14,5.36,-0.67,-0.18,0.37,1,56312
-9.47,15.9,-16.81,-0.61,-0.31,0.44,1,56417
-16.73,15.12,-7.13,-0.77,-0.21,0.31,1,56521
28.26,-9.07,-28.58,-1.01,-0.03,0.27,1,56626
52.53,-10.48,-91.85,-1,-0.05,0.25,1,56730
15.76,-86.54,-97.67,-0.09,-0.83,1.14,1,56835
-42.3,69.69,51.7,-0.54,-0.56,0.72,1,56939
-55.75,29.95,30.21,-1.3,0.09,0.25,1,57043
35.45,-17.78,-100.75,-1.22,0.12,-0.03,1,57148
45.39,-73.05,-113.59,-0.05,-0.78,0.83,1,57252
-41.98,49.64,41.32,-0.31,-0.56,0.48,1,57358
-13.87,-35.88,28.27,-0.5,-0.31,0.25,1,57462
-24.83,-72.92,-12.05,-0.77,0.06,0.46,1,57567
-22.72,-116.1,-92.66,-0.76,-0.22,0.63,1,57671
3.6,-89.8,-82.69,-0.65,-0.46,0.98,1,57776
36.69,-75.23,-46.54,-0.29,-0.79,1.28,1,57880
4.93,-14.02,-4.1,-0.19,-0.54,1.14,1,57985
0.21,-1.21,-18.54,-0.24,-0.34,0.83,1,58089
15.52,-16.29,-57.44,-0.41,-0.16,0.86,1,58193
1.49,-54.09,-115.55,0,-0.22,0.64,1,58298
-23.12,72.31,37.13,0.75,-1.37,1.42,1,58402
-18.21,15.04,48.08,-0.19,-0.17,0.64,1,58507
-36.15,-12.72,-58.82,-0.65,0.17,0.71,1,58611
43.04,-5.88,-113.99,-0.14,-0.33,0.73,1,58716
-9.56,85.03,25.55,0.56,-1.52,1.68,1,58820
-15.37,68.39,74.69,-0.19,-0.56,1,1,58925
-25.7,83.47,47.2,-0.22,-0.47,0.9,1,59029
32.58,70.05,36.59,-0.32,-0.43,0.68,1,59133
-20.58,64.6,30.14,-0.5,-0.27,0.61,1,59238
-33.14,61.21,12.89,-0.61,-0.35,0.53,1,59342
9.93,60.62,7.92,-0.66,-0.27,0.36,1,59447
-0.84,26.44,-9.65,-0.68,-0.24,0.32,1,59551
-12.89,0.73,-59.42,-1.1,0.13,0.23,1,59656
82.5,-10.66,-110.44,-0.92,-0.19,0.23,1,59760
22.08,-65.08,-57.12,0.29,-1.19,1.5,1,59865
-71.92,50.32,45.33,-0.75,-0.28,0.25,1,59969
-16.6,6.05,-17.43,-1.33,0.15,0,1,60073